Country,Hospital/Site,audit_year,Provider Code,Hospital Beds (HC),Diabetic Patients (BA),Prevalence of diabetes,Percentage White,Percentage emergency,Percentage Management of diabetes,Percentage other medical,Percentage Non Medical,Percentage Diabetes Type 1,Percentage Diabetes Type 2 - Insulin,Percentage Diabetes Type 2 - Non insulin,Percentage Diabetes Type 2 - Diet only,Percentage Diabetes Type Other,Nursing hours,Consultant hours,Dietician hours,Podiatrist hours,Pharmacist hours, Blood Glucose monitoring Days , Appropriate Days , Good Diabetes Days ,Visit by specialist diabetes team,Medication errors,prescription errors,management errors,Insulin Errors,Admitted with foot disease,Seen by the MDT within 24 hours,Foot Risk Assessment completed within 24 hours,Foot risk assessment after 24 hours only,Foot Risk Assessment completed during the hospital stay,% Severe Hypo,% Minor Hypo,Meals Suitable,Meals Timing,Meals Choice,Staff Knowledge - Answer Qs,Staff Knowledge - Emotional support,Staff Knowledge - Work together,Overall Satisfaction,Patient reported unexpected high,Patient reported unexpected low,Able to take control of diabetes care,Staff aware of diabetes,All or most staff know enough about diabetes,Percentage renal replacement therapy,Number of returned Patient Experience forms (PE)
England,Hospital,2013,RGT01,857,134,15.60%,91.00%,80.90%,9.70%,61.90%,28.40%,6.20%,33.80%,35.40%,21.50%,3.10%,0.75,1.46,1.47,0.01,0,6.7,6.5,3.8,19.70%,45.50%,23.80%,30.70%,28.70%,9.80%,72.70%,42.50%,10.00%,52.50%,8.30%,15.70%,84.10%,65.80%,60.40%,89.30%,82.50%,45.80%,78.70%,19.40%,23.90%,49.60%,75.80%,74.20%,0.80%,32
England,Hospital,2013,RCF22,250,35,14.00%,97.10%,97.10%,8.60%,71.40%,20.00%,14.30%,31.40%,34.30%,20.00%,0.00%,3.54,2.03,0.43,0.17,0,6.9,6.6,3.8,33.30%,32.10%,14.30%,21.40%,14.30%,9.40%,75.00%,21.90%,0.00%,21.90%,6.90%,16.10%,78.70%,92.90%,64.70%,75.00%,100.00%,46.50%,93.20%,18.50%,30.90%,52.80%,81.30%,64.50%,0.00%,17
England,Hospital,2013,RWP01,380,66,17.40%,95.50%,90.90%,6.20%,63.10%,30.80%,3.00%,39.40%,25.80%,31.80%,0.00%,1.82,0.7,0.73,0.64,0.48,7,6.8,4.9,51.60%,44.40%,24.40%,24.40%,24.40%,1.50%,100.00%,66.20%,10.80%,76.90%,13.50%,22.20%,91.00%,83.00%,71.80%,90.20%,94.30%,47.60%,88.40%,14.30%,17.10%,65.80%,88.10%,72.10%,0.00%,26
England,Hospital,2013,RBL14,764,67,8.80%,97.00%,96.90%,14.80%,42.60%,42.60%,9.00%,50.70%,20.90%,19.40%,0.00%,0.79,0.45,0.42,0.39,0.22,6.7,6.5,4.7,37.90%,26.90%,15.40%,17.30%,19.20%,11.90%,100.00%,34.30%,4.50%,38.80%,10.00%,22.60%,80.70%,78.80%,75.70%,72.20%,88.60%,51.70%,83.10%,35.00%,33.30%,45.80%,81.90%,72.20%,1.50%,47
England,Site,2013,RTK,442,77,17.40%,97.40%,88.20%,2.70%,77.00%,20.30%,7.90%,22.40%,43.40%,26.30%,0.00%,1.45,0.94,1.02,0.39,0,6.9,6.7,5.4,51.90%,25.40%,13.60%,13.60%,10.20%,5.30%,50.00%,83.10%,0.00%,83.10%,4.40%,20.60%,82.10%,72.30%,58.00%,89.50%,92.00%,52.20%,91.00%,8.70%,11.40%,75.70%,86.30%,54.70%,1.30%,29
England,Hospital,2013,RFF99,402,53,13.20%,100.00%,87.80%,15.40%,84.60%,0.00%,11.80%,21.60%,37.30%,29.40%,0.00%,0.66,1.49,0.58,0.71,0,6.8,6.7,5.7,30.20%,9.70%,9.70%,3.20%,6.50%,11.50%,0.00%,11.50%,0.00%,11.50%,4.30%,15.20%,96.60%,83.10%,71.80%,90.60%,94.00%,57.50%,97.60%,17.40%,26.60%,65.40%,100.00%,78.60%,3.80%,33
England,Hospital,2013,RDDH0,571,116,20.30%,91.40%,85.70%,5.30%,76.10%,18.60%,2.70%,32.70%,50.90%,13.60%,0.00%,0.84,0.87,0,0,0,6.7,6.6,4.5,43.90%,44.10%,31.20%,24.70%,20.40%,8.90%,42.90%,8.00%,2.70%,10.60%,9.10%,25.00%,89.20%,68.10%,69.30%,79.40%,86.40%,35.60%,84.20%,32.10%,26.40%,40.70%,92.90%,68.70%,1.70%,73
England,Hospital,2013,RN506,334,39,11.70%,94.90%,91.90%,10.30%,59.00%,30.80%,10.30%,41.00%,28.20%,15.40%,5.10%,4.09,1,0.6,0.31,0,7,7,5,69.40%,20.70%,13.80%,10.30%,6.90%,5.30%,50.00%,51.40%,10.80%,62.20%,18.40%,18.40%,92.30%,80.30%,65.40%,96.10%,94.30%,57.80%,95.50%,38.50%,34.60%,64.00%,81.50%,70.10%,7.90%,22
England,Hospital,2013,RP5BA,144,23,16.00%,100.00%,100.00%,8.70%,82.60%,8.70%,9.10%,9.10%,50.00%,27.30%,4.50%,5.78,2.78,1.17,0.52,0,6.7,6.4,3.4,43.50%,57.90%,57.90%,21.10%,42.10%,0.00%,N/A,0.00%,8.70%,8.70%,13.00%,26.10%,100.00%,100.00%,100.00%,57.20%,85.90%,43.50%,67.50%,22.90%,22.90%,49.40%,78.40%,57.60%,0.00%,7
England,Hospital,2013,RC110,329,56,17.00%,75.00%,77.80%,11.10%,53.70%,35.20%,3.60%,20.00%,58.20%,18.20%,0.00%,2.13,0.77,1.27,0.36,0.13,6.9,6.8,4.6,40.00%,12.80%,6.40%,8.50%,6.40%,13.70%,87.50%,11.80%,3.90%,15.70%,0.00%,13.20%,92.50%,77.80%,77.50%,80.10%,66.80%,41.80%,83.40%,21.30%,23.90%,57.00%,65.90%,71.70%,0.00%,30
England,Hospital,2013,RXK02,257,60,23.30%,48.30%,85.70%,5.00%,65.00%,30.00%,1.70%,43.10%,43.10%,12.10%,0.00%,1.88,1.57,0,1.03,0,6.5,6.4,5.1,36.70%,37.50%,29.20%,10.40%,16.70%,3.40%,33.30%,50.90%,5.30%,56.10%,11.10%,16.70%,96.90%,89.10%,91.20%,89.90%,92.60%,69.60%,96.80%,16.20%,11.90%,75.50%,96.90%,88.40%,0.00%,29
England,Site,2013,RR10,654,156,23.90%,69.20%,91.40%,5.20%,60.60%,34.20%,3.90%,38.60%,37.30%,19.60%,0.70%,1.73,1.15,0.43,0.29,0.1,6.8,6.7,4.4,37.50%,38.80%,24.30%,23.30%,19.40%,9.20%,40.00%,66.90%,4.40%,71.30%,4.60%,20.10%,78.40%,65.90%,65.50%,88.50%,87.10%,37.90%,89.00%,14.00%,18.20%,60.20%,81.90%,66.60%,3.20%,79
England,Hospital,2013,RXPBA,83,29,34.90%,96.60%,32.00%,0.00%,67.90%,32.10%,0.00%,24.10%,37.90%,37.90%,0.00%,0.83,0.83,0.28,0.17,0,7,7,5.2,27.60%,31.30%,12.50%,25.00%,18.80%,0.00%,N/A,60.70%,3.60%,64.30%,5.60%,7.40%,95.10%,86.00%,75.60%,89.30%,80.30%,71.70%,88.50%,4.60%,9.50%,35.70%,81.20%,73.80%,0.00%,12
England,Hospital,2013,RXL01,702,108,15.40%,95.40%,87.90%,8.40%,68.20%,23.40%,12.30%,32.10%,38.70%,17.00%,0.00%,1.26,0.69,0,0,0,6.7,6.3,4.3,24.00%,34.10%,23.90%,17.00%,21.60%,8.30%,77.80%,79.60%,5.60%,85.20%,13.00%,24.70%,92.10%,86.60%,81.70%,80.80%,91.20%,58.70%,96.00%,16.50%,17.10%,61.30%,89.80%,79.70%,0.90%,86
England,Site,2013,RAE,601,93,15.50%,65.60%,64.10%,12.90%,62.40%,24.70%,4.40%,31.90%,42.90%,20.90%,0.00%,2.35,0.75,0.27,1.21,0,6.5,6.5,4.4,37.40%,35.40%,16.90%,20.00%,15.40%,12.20%,63.60%,46.50%,3.50%,50.00%,11.50%,23.00%,83.70%,65.70%,61.30%,69.70%,70.70%,42.10%,89.10%,22.50%,21.70%,38.80%,88.70%,59.00%,2.20%,40
England,Hospital,2013,RQ8L0,460,58,12.60%,96.60%,78.90%,12.10%,50.00%,37.90%,8.60%,39.70%,32.80%,19.00%,0.00%,0.07,1.55,0.02,0.01,0,6.8,6.1,3.4,29.30%,38.50%,28.20%,20.50%,30.80%,15.50%,87.50%,17.20%,0.00%,17.20%,4.30%,21.20%,87.90%,90.60%,88.80%,100.00%,100.00%,47.70%,84.40%,17.20%,12.80%,58.90%,97.20%,60.90%,1.80%,23
England,Site,2013,RXQ,436,72,16.50%,81.90%,82.40%,6.90%,70.80%,22.20%,2.90%,48.60%,30.00%,14.30%,4.30%,2.13,1.72,0.22,0,0,6.9,6.8,4,43.10%,29.30%,19.00%,10.30%,12.10%,14.30%,60.00%,25.40%,16.90%,42.30%,14.50%,24.30%,88.40%,93.00%,82.30%,95.10%,88.30%,66.10%,78.30%,14.60%,1.50%,72.30%,88.00%,75.80%,5.60%,21
England,Hospital,2013,RWY02,433,40,9.20%,85.00%,80.00%,5.10%,82.10%,12.80%,7.50%,20.00%,60.00%,12.50%,0.00%,3.38,0.38,0,0.45,0,6.5,6.5,4.6,25.00%,48.40%,38.70%,29.00%,19.40%,2.50%,0.00%,2.50%,2.50%,5.00%,5.30%,13.20%,84.40%,87.80%,80.90%,87.30%,100.00%,38.60%,87.30%,12.40%,23.70%,68.00%,76.40%,95.30%,0.00%,29
England,Hospital,2013,RV831,146,23,15.80%,43.50%,90.90%,9.10%,77.30%,13.60%,0.00%,34.80%,60.90%,0.00%,4.30%,3.26,3.48,1.74,1.39,0,7,6.6,3.6,43.50%,15.00%,5.00%,10.00%,10.00%,13.00%,33.30%,95.70%,0.00%,95.70%,4.80%,9.10%,87.60%,23.30%,30.10%,100.00%,74.10%,38.30%,100.00%,13.10%,20.40%,76.20%,100.00%,91.60%,4.30%,7
England,Hospital,2013,RYJ02,420,61,14.50%,52.50%,69.50%,1.60%,78.70%,19.70%,0.00%,39.70%,51.70%,6.90%,1.70%,1,0.43,0.2,0.43,0,6.9,6.8,4.1,29.50%,46.30%,20.40%,31.50%,27.80%,6.80%,25.00%,30.50%,6.80%,37.30%,8.50%,22.00%,90.00%,79.00%,56.50%,85.10%,89.40%,50.60%,77.50%,19.70%,15.50%,56.30%,81.90%,71.00%,1.60%,29
England,Hospital,2013,RVLC7,280,39,13.90%,71.80%,82.10%,15.40%,53.80%,30.80%,2.60%,15.40%,69.20%,12.80%,0.00%,2.08,0.46,0.21,0.23,0,7,6.8,4.7,25.60%,46.40%,28.60%,17.90%,0.00%,5.30%,100.00%,41.90%,0.00%,41.90%,5.60%,21.60%,100.00%,78.20%,80.20%,81.40%,82.90%,34.80%,78.20%,21.00%,12.90%,42.40%,78.20%,68.50%,0.00%,14
England,Hospital,2013,RQM22,269,27,10.00%,63.00%,77.80%,11.10%,66.70%,22.20%,0.00%,48.10%,44.40%,7.40%,0.00%,7.7,0.74,1.63,0.52,0,6.6,6.3,4.9,34.60%,43.50%,30.40%,17.40%,21.70%,8.00%,0.00%,21.70%,4.30%,26.10%,11.10%,16.00%,86.00%,73.20%,42.00%,52.90%,82.90%,33.50%,77.00%,19.20%,16.90%,43.00%,85.40%,54.60%,0.00%,14
England,Hospital,2013,RTE01,304,46,15.10%,100.00%,79.50%,13.00%,54.30%,32.60%,6.50%,47.80%,21.70%,21.70%,2.20%,1.91,0.78,1.35,0.58,0,6.4,6.1,2.8,26.70%,50.00%,40.60%,28.10%,37.50%,11.10%,60.00%,18.20%,2.30%,20.50%,4.70%,31.80%,85.90%,53.40%,62.30%,94.30%,91.00%,62.00%,98.10%,17.90%,23.40%,70.90%,81.10%,89.30%,4.30%,29
England,Hospital,2013,RFSDA,527,82,15.60%,96.30%,86.10%,2.40%,78.00%,19.50%,3.70%,30.50%,42.70%,23.20%,0.00%,1.27,0.37,0.32,0.15,0,6.7,6.2,3.9,16.30%,55.40%,39.30%,30.40%,28.60%,3.80%,33.30%,7.50%,1.30%,8.80%,1.40%,15.10%,77.60%,72.50%,47.40%,54.20%,84.50%,38.10%,84.30%,10.40%,9.20%,58.80%,82.30%,63.80%,0.00%,57
England,Hospital,2013,RXN01,183,37,20.20%,97.30%,75.70%,10.80%,73.00%,16.20%,10.80%,29.70%,37.80%,21.60%,0.00%,2.27,0.97,0.22,0.22,0,6.9,6.7,3.7,41.20%,50.00%,32.10%,25.00%,32.10%,8.30%,33.30%,0.00%,2.80%,2.80%,14.30%,21.20%,86.70%,64.70%,47.10%,48.80%,70.90%,26.10%,55.10%,19.40%,4.80%,39.70%,63.50%,65.00%,0.00%,19
England,Hospital,2013,RTH02,219,27,12.30%,70.40%,52.00%,18.50%,37.00%,44.40%,14.80%,33.30%,22.20%,14.80%,14.80%,5.48,1.96,1.04,5.67,0,6.8,6.2,2.3,30.80%,60.00%,45.00%,35.00%,40.00%,18.50%,80.00%,16.70%,0.00%,16.70%,3.80%,34.60%,75.20%,86.80%,72.10%,83.20%,96.60%,61.20%,88.20%,23.10%,10.30%,73.60%,86.60%,69.80%,25.90%,22
England,Hospital,2013,RBL20,100,*,*,*,*,*,*,*,*,*,*,*,*,*,*,*,*,*,*,*,*,*,*,*,*,*,*,*,*,*,*,*,*,*,*,*,*,*,*,*,*,*,*,*,*,*,*
England,Site,2013,RDE,558,59,10.60%,94.90%,93.10%,12.30%,61.40%,26.30%,5.30%,40.40%,35.10%,17.50%,1.80%,2.29,1.49,1.01,0,0,6.3,6.1,4.1,38.60%,15.40%,7.70%,10.30%,5.10%,11.80%,50.00%,53.80%,1.90%,55.80%,13.30%,21.60%,81.60%,68.70%,46.30%,81.60%,95.60%,62.80%,86.10%,20.70%,17.20%,53.10%,89.60%,76.00%,0.00%,37
England,Hospital,2013,RXC01,254,27,10.60%,92.60%,88.50%,0.00%,73.10%,26.90%,3.80%,23.10%,38.50%,30.80%,3.80%,3.24,0.7,0.26,0.39,0,6.4,6.4,5.1,48.10%,25.00%,12.50%,12.50%,18.80%,3.70%,0.00%,38.50%,0.00%,38.50%,7.40%,18.50%,89.70%,81.70%,48.40%,82.10%,89.90%,46.10%,79.50%,42.10%,30.50%,41.40%,82.00%,65.20%,0.00%,21
England,Hospital,2013,RJR05,386,56,14.50%,98.20%,98.20%,18.20%,69.10%,12.70%,3.60%,29.10%,50.90%,14.50%,1.80%,1.96,0.79,1.95,0.41,0.18,6.6,6.4,4.5,44.60%,20.40%,12.20%,10.20%,12.20%,7.10%,100.00%,69.60%,8.90%,78.60%,11.10%,20.40%,83.80%,76.50%,70.20%,70.80%,90.20%,57.60%,95.20%,33.10%,23.10%,60.20%,86.80%,79.20%,0.00%,43
England,Hospital,2013,RLQ01,199,31,15.60%,100.00%,93.50%,9.70%,71.00%,19.40%,10.00%,43.30%,33.30%,10.00%,3.30%,1.48,1.55,0.81,0.74,0,6.9,6.2,2,48.40%,72.00%,56.00%,28.00%,44.00%,12.90%,25.00%,17.20%,3.40%,20.70%,8.00%,19.20%,73.90%,51.60%,50.50%,92.90%,64.00%,42.90%,91.30%,17.80%,32.00%,71.50%,88.80%,73.40%,0.00%,19
England,Hospital,2013,RJ611,439,69,15.70%,63.80%,93.90%,16.40%,61.20%,22.40%,3.10%,37.50%,46.90%,10.90%,1.60%,0.62,1.45,0.72,0.17,0,6.5,6.4,3.9,15.20%,35.20%,11.10%,27.80%,14.80%,10.30%,62.50%,22.40%,1.50%,23.90%,6.60%,16.40%,79.60%,52.10%,44.50%,72.10%,83.80%,25.40%,68.80%,28.30%,14.10%,49.40%,67.90%,70.20%,6.00%,43
England,Hospital,2013,RNLAY,343,30,8.70%,96.70%,87.50%,11.10%,74.10%,14.80%,11.10%,33.30%,40.70%,14.80%,0.00%,2.27,0.33,1.25,0,0,6.9,6.9,4.2,11.50%,47.80%,21.70%,30.40%,26.10%,3.60%,100.00%,3.60%,0.00%,3.60%,0.00%,6.90%,87.90%,54.00%,50.70%,83.30%,100.00%,43.10%,88.70%,12.50%,6.20%,56.90%,86.50%,51.10%,0.00%,15
England,Hospital,2013,RN707,336,61,18.20%,93.40%,96.60%,3.30%,71.70%,25.00%,8.30%,28.30%,46.70%,15.00%,1.70%,1.49,0.72,0.49,0.66,0.51,6.8,6.6,4.5,28.10%,32.00%,14.00%,20.00%,22.00%,8.30%,20.00%,16.90%,1.70%,18.60%,23.30%,20.30%,81.70%,66.60%,58.10%,88.20%,59.00%,36.40%,78.40%,25.20%,32.20%,38.00%,84.30%,59.70%,0.00%,38
England,Hospital,2013,RXPDA,218,38,17.40%,100.00%,78.90%,10.50%,68.40%,21.10%,13.20%,47.40%,26.30%,13.20%,0.00%,1.68,2.11,0.26,0.42,0.11,6.9,6.2,4,52.60%,25.00%,6.30%,25.00%,9.40%,18.90%,83.30%,32.40%,5.40%,37.80%,2.70%,16.20%,87.50%,88.40%,65.10%,78.70%,91.70%,41.80%,92.00%,19.10%,15.50%,63.80%,85.50%,58.10%,0.00%,31
England,Hospital,2013,RK950,749,98,13.10%,91.80%,76.30%,6.20%,73.20%,20.60%,6.10%,30.60%,39.80%,22.40%,1.00%,2.55,0.76,0.3,0.41,0,6.7,6.7,4.4,26.30%,27.70%,12.30%,15.40%,18.50%,9.20%,77.80%,89.90%,1.10%,91.00%,8.00%,17.40%,90.30%,68.60%,72.20%,75.50%,83.90%,40.10%,89.40%,31.70%,29.80%,55.30%,87.30%,61.00%,7.20%,49
England,Hospital,2013,RXF10,300,40,13.30%,72.50%,89.70%,5.10%,61.50%,33.30%,5.00%,35.00%,37.50%,20.00%,2.50%,2.55,1.2,0.23,0.3,0,6.3,6.1,4.3,45.00%,37.90%,24.10%,20.70%,24.10%,2.60%,100.00%,2.80%,0.00%,2.80%,5.60%,16.20%,67.10%,66.10%,40.70%,90.70%,90.80%,24.00%,80.90%,30.10%,26.60%,87.40%,73.50%,63.10%,0.00%,15
England,Hospital,2013,RJL30,228,51,22.40%,98.00%,82.00%,7.80%,66.70%,25.50%,10.00%,16.00%,48.00%,24.00%,2.00%,0.74,0.71,0.82,0.95,0,6.2,5.7,3.5,45.10%,5.10%,2.60%,2.60%,2.60%,6.00%,33.30%,24.50%,18.40%,42.90%,8.30%,10.40%,91.50%,77.80%,77.90%,88.10%,89.10%,40.10%,86.70%,13.10%,20.70%,50.60%,72.10%,76.90%,0.00%,30
England,Hospital,2013,RP5DR,900,86,9.60%,94.20%,90.00%,7.30%,41.50%,51.20%,8.50%,35.40%,25.60%,29.30%,1.20%,1.4,1.74,0.44,0.09,0.44,6.9,6.5,4.2,20.70%,55.60%,35.20%,48.10%,25.90%,4.90%,60.00%,6.20%,3.70%,9.90%,13.30%,28.00%,73.00%,50.50%,58.90%,80.20%,57.70%,19.10%,62.40%,20.40%,17.80%,27.60%,64.40%,35.30%,7.20%,60
England,Hospital,2013,RBD01,284,38,13.40%,97.40%,77.10%,21.10%,42.10%,36.80%,15.80%,39.50%,28.90%,15.80%,0.00%,3.05,1.11,1.05,0.39,0,6.9,6.3,3.9,62.90%,30.00%,30.00%,10.00%,23.30%,18.90%,100.00%,27.00%,0.00%,27.00%,16.20%,27.00%,86.40%,77.70%,86.20%,95.20%,100.00%,57.70%,100.00%,19.60%,19.20%,65.80%,100.00%,90.10%,2.70%,17
England,Hospital,2013,RC399,254,50,19.70%,38.00%,85.70%,16.00%,68.00%,16.00%,4.20%,50.00%,41.70%,4.20%,0.00%,2.25,1.36,0.32,0.56,0,6.6,6.4,2.3,40.00%,65.90%,34.10%,48.80%,34.10%,18.40%,77.80%,20.40%,6.10%,26.50%,5.00%,17.00%,83.50%,52.50%,54.50%,80.20%,100.00%,50.90%,92.30%,44.70%,28.30%,43.40%,79.30%,67.30%,2.00%,22
England,Hospital,2013,RTP04,530,84,15.80%,91.70%,91.40%,6.00%,77.10%,16.90%,6.10%,28.00%,43.90%,22.00%,0.00%,1.33,0.48,0.05,0.21,0,6.7,6.2,4.5,22.90%,40.60%,21.90%,25.00%,20.30%,7.20%,16.70%,14.10%,2.60%,16.70%,9.20%,14.50%,79.20%,73.40%,56.30%,58.80%,75.00%,31.70%,74.20%,24.60%,24.50%,68.20%,77.20%,72.30%,0.00%,50
England,Hospital,2013,RXC02,399,69,17.30%,98.60%,89.20%,20.90%,58.20%,20.90%,8.80%,44.10%,32.40%,14.70%,0.00%,2.17,0.48,0.33,0.16,0,6.9,6.5,3.9,49.30%,36.50%,28.80%,11.50%,21.20%,14.90%,30.00%,31.60%,7.00%,38.60%,15.20%,28.80%,83.20%,73.00%,51.70%,74.80%,95.90%,39.70%,70.50%,15.50%,21.50%,62.60%,74.80%,56.60%,0.00%,37
England,Hospital,2013,RVR50,189,31,16.40%,90.30%,100.00%,13.30%,80.00%,6.70%,3.30%,46.70%,36.70%,13.30%,0.00%,1.81,0.71,0.52,0.52,0,6.7,6.1,4.8,23.30%,33.30%,22.20%,27.80%,11.10%,6.70%,50.00%,20.00%,13.30%,33.30%,16.70%,16.70%,100.00%,88.30%,67.40%,100.00%,100.00%,63.70%,100.00%,42.30%,30.30%,38.70%,85.20%,60.10%,0.00%,9
England,Hospital,2013,RW601,211,27,12.80%,92.60%,88.90%,7.40%,66.70%,25.90%,7.40%,29.60%,51.90%,11.10%,0.00%,2.78,2.31,1.69,1.67,0,6.8,5.9,5,26.90%,21.10%,10.50%,15.80%,10.50%,7.40%,0.00%,48.10%,14.80%,63.00%,4.00%,20.00%,77.40%,100.00%,72.30%,87.70%,65.20%,66.70%,75.20%,36.60%,0.00%,73.00%,100.00%,91.00%,3.70%,8
England,Hospital,2013,RTR45,121,19,15.70%,100.00%,100.00%,10.50%,84.20%,5.30%,21.10%,36.80%,15.80%,26.30%,0.00%,4.26,2.84,1,0.42,0,6.9,6.8,3.9,78.90%,53.80%,23.10%,30.80%,46.20%,11.80%,33.30%,62.50%,0.00%,62.50%,21.10%,26.30%,100.00%,100.00%,94.30%,61.90%,88.30%,47.00%,77.60%,4.00%,21.20%,33.70%,95.00%,82.80%,0.00%,14
England,Hospital,2013,RDU01,482,94,19.50%,88.30%,91.70%,5.70%,72.40%,21.80%,3.40%,34.50%,46.00%,13.80%,2.30%,0.65,0.31,0.44,0.19,0,6.9,6.6,4.6,34.90%,21.60%,8.10%,13.50%,8.10%,3.40%,33.30%,56.00%,1.20%,57.10%,8.40%,17.40%,79.00%,63.60%,50.30%,76.40%,83.90%,43.80%,83.20%,25.60%,13.30%,46.20%,75.20%,60.90%,0.00%,51
England,Hospital,2013,RLT99,263,50,19.00%,92.00%,91.70%,2.00%,71.40%,26.50%,4.00%,22.00%,50.00%,22.00%,2.00%,0.98,0.43,0.8,0,0,6.6,6.1,4,32.00%,45.90%,27.00%,29.70%,16.20%,4.00%,33.30%,70.00%,4.00%,74.00%,12.80%,15.20%,97.70%,68.60%,51.00%,80.20%,85.90%,31.50%,84.30%,22.50%,15.60%,60.30%,84.40%,64.70%,0.00%,34
England,Hospital,2013,RWEAE,323,72,22.30%,79.20%,87.10%,0.00%,86.10%,13.90%,2.80%,37.50%,37.50%,16.70%,5.60%,0.47,0.06,0.11,0,0,6.8,6.2,4,21.10%,46.30%,11.10%,38.90%,25.90%,4.20%,33.30%,94.40%,4.20%,98.60%,5.70%,11.40%,94.10%,87.70%,89.60%,92.00%,87.00%,27.70%,89.30%,25.30%,15.00%,59.30%,72.60%,56.20%,1.40%,28
England,Hospital,2013,RTE03,456,59,12.90%,94.90%,94.30%,8.80%,61.40%,29.80%,12.30%,43.90%,26.30%,15.80%,1.80%,1.49,0.81,1.02,0.2,0,6.6,6.1,3.5,21.40%,56.80%,43.20%,32.40%,37.80%,1.80%,100.00%,0.00%,0.00%,0.00%,12.00%,18.00%,89.80%,76.70%,52.00%,83.70%,69.50%,16.90%,88.70%,41.20%,12.80%,36.00%,49.00%,41.40%,1.70%,24
England,Hospital,2013,RR105,453,72,15.90%,90.30%,95.70%,6.00%,77.60%,16.40%,4.20%,19.70%,57.70%,14.10%,4.20%,1.46,0.19,0.05,0.04,0,6.8,6.3,4.3,47.90%,47.30%,36.40%,16.40%,23.60%,9.70%,0.00%,23.60%,19.40%,43.10%,8.50%,12.90%,93.40%,70.10%,70.90%,82.80%,81.70%,56.40%,84.30%,15.10%,18.10%,49.80%,91.10%,65.90%,0.00%,35
England,Hospital,2013,RWDLP,100,19,19.00%,100.00%,94.70%,0.00%,84.20%,15.80%,0.00%,31.60%,52.60%,15.80%,0.00%,1.58,1,0.39,0.39,0,6.7,5.4,2.4,0.00%,64.70%,47.10%,23.50%,29.40%,16.70%,0.00%,61.10%,0.00%,61.10%,0.00%,11.80%,91.90%,69.30%,51.10%,46.50%,100.00%,23.50%,76.50%,22.80%,0.00%,28.60%,75.00%,53.40%,0.00%,12
England,Hospital,2013,RN325,457,71,15.50%,93.00%,85.70%,15.50%,66.20%,18.30%,5.60%,42.30%,36.60%,14.10%,1.40%,2.32,0.59,0.46,0.52,0,6.8,6.6,4.2,35.80%,34.70%,16.30%,20.40%,12.20%,18.80%,84.60%,20.90%,17.90%,38.80%,10.40%,14.90%,80.90%,65.60%,53.00%,82.30%,85.10%,38.10%,96.90%,24.10%,23.30%,57.40%,79.40%,62.90%,8.50%,54
England,Site,2013,RJ1,841,141,16.80%,70.20%,68.10%,11.50%,56.80%,31.70%,6.50%,37.40%,32.40%,21.60%,2.20%,2.34,0.49,0.53,0,0.27,6.6,6.4,4.2,45.70%,23.70%,9.70%,16.10%,15.10%,17.00%,79.20%,38.10%,6.30%,44.40%,5.70%,23.80%,79.10%,73.00%,54.30%,86.10%,76.70%,46.80%,80.90%,39.50%,26.10%,59.20%,76.10%,74.60%,18.10%,97
England,Hospital,2013,RWWHG,62,10,16.10%,100.00%,10.00%,10.00%,50.00%,40.00%,0.00%,30.00%,40.00%,30.00%,0.00%,3.55,1.8,0.2,0.4,0,4.7,4.6,2.9,20.00%,0.00%,0.00%,0.00%,0.00%,20.00%,0.00%,10.00%,0.00%,10.00%,10.00%,10.00%,100.00%,100.00%,100.00%,100.00%,100.00%,43.90%,100.00%,0.00%,20.50%,55.30%,100.00%,81.10%,0.00%,6
England,Hospital,2013,RYJ03,304,86,28.30%,44.20%,68.70%,7.00%,80.20%,12.80%,9.50%,46.40%,26.20%,15.50%,2.40%,0.39,0.14,0.09,0.05,0,6.9,6.7,2.9,41.50%,52.20%,24.60%,42.00%,40.60%,8.30%,71.40%,45.80%,6.00%,51.80%,14.60%,29.10%,86.30%,60.70%,40.50%,100.00%,57.30%,33.20%,76.10%,16.30%,5.50%,51.90%,92.20%,72.60%,43.00%,14
England,Hospital,2013,RCD01,247,26,10.50%,100.00%,84.00%,7.70%,69.20%,23.10%,3.80%,42.30%,30.80%,23.10%,0.00%,4.75,1.58,1.56,4.46,0.15,6.8,6.8,3.5,34.60%,45.00%,25.00%,35.00%,30.00%,11.50%,33.30%,20.80%,8.30%,29.20%,12.50%,24.00%,100.00%,82.00%,90.70%,88.10%,86.20%,45.00%,93.40%,0.00%,0.00%,32.90%,64.00%,93.50%,0.00%,21
England,Site,2013,RD7,458,97,21.20%,70.10%,92.30%,5.20%,77.10%,17.70%,5.20%,42.70%,29.20%,22.90%,0.00%,3.02,0.37,0.64,0.21,0,6.6,6.3,3.9,23.90%,35.20%,12.70%,29.60%,25.40%,8.50%,77.80%,90.30%,5.40%,95.70%,12.70%,26.20%,82.30%,56.80%,53.40%,81.20%,79.10%,24.40%,78.20%,24.80%,11.10%,46.70%,75.20%,57.40%,0.00%,65
England,Hospital,2013,RTFDR,69,8,11.60%,100.00%,75.00%,0.00%,87.50%,12.50%,12.50%,50.00%,0.00%,37.50%,0.00%,4.69,0.81,1.13,1.75,0,7,6.3,3.9,25.00%,20.00%,20.00%,20.00%,20.00%,12.50%,0.00%,100.00%,0.00%,100.00%,25.00%,12.50%,90.30%,44.10%,89.20%,76.70%,100.00%,25.50%,89.20%,9.70%,19.10%,71.10%,90.20%,59.80%,0.00%,6
England,Hospital,2013,RAS01,267,35,13.10%,62.90%,72.70%,11.40%,51.40%,37.10%,2.90%,37.10%,45.70%,14.30%,0.00%,3.74,1.31,0.11,1.37,0,6.8,6.9,4.1,58.80%,41.40%,27.60%,20.70%,10.30%,8.80%,100.00%,8.80%,8.80%,17.60%,6.10%,18.20%,78.80%,81.50%,64.80%,93.70%,87.20%,50.70%,84.00%,13.80%,27.00%,53.40%,76.10%,73.90%,2.90%,27
England,Hospital,2013,RQQ31,216,37,17.10%,100.00%,94.60%,11.10%,69.40%,19.40%,0.00%,44.40%,38.90%,16.70%,0.00%,3.27,0.76,0.32,0.65,0,7,6.9,4,80.60%,22.70%,13.60%,13.60%,18.20%,8.10%,33.30%,27.00%,67.60%,94.60%,13.00%,16.00%,92.60%,63.40%,74.70%,83.90%,88.80%,36.10%,92.90%,32.80%,18.70%,67.00%,74.50%,72.80%,0.00%,26
England,Hospital,2013,RQX99,254,51,20.10%,37.30%,85.40%,5.90%,80.40%,13.70%,2.00%,40.80%,38.80%,18.40%,0.00%,2.21,0.56,0.24,0.78,0,6.8,6.1,4.3,26.10%,52.50%,17.50%,40.00%,35.00%,4.00%,0.00%,21.70%,4.30%,26.10%,10.60%,24.00%,83.50%,61.90%,59.10%,66.80%,65.60%,41.90%,82.30%,30.10%,21.10%,66.10%,58.00%,55.90%,0.00%,40
England,Hospital,2013,RTH05,155,22,14.20%,90.90%,95.50%,9.10%,72.70%,18.20%,9.10%,50.00%,13.60%,27.30%,0.00%,1.02,0.64,0.27,1.68,0,7,6.8,4.8,27.30%,37.50%,0.00%,37.50%,18.80%,0.00%,0.00%,4.50%,0.00%,4.50%,10.00%,41.70%,100.00%,75.90%,52.30%,100.00%,64.70%,21.60%,85.70%,19.60%,5.90%,33.50%,58.20%,45.20%,0.00%,11
England,Hospital,2013,RKB03,102,18,17.60%,88.90%,88.90%,0.00%,66.70%,33.30%,0.00%,22.20%,44.40%,33.30%,0.00%,4.17,0.83,1.94,0,0,6.7,6.7,6.7,23.50%,0.00%,0.00%,0.00%,0.00%,5.90%,100.00%,47.10%,0.00%,47.10%,0.00%,16.70%,54.20%,78.90%,33.10%,18.60%,59.40%,0.00%,78.90%,0.00%,23.50%,69.20%,100.00%,30.90%,0.00%,5
England,Hospital,2013,RWY01,348,41,11.80%,92.70%,78.40%,5.00%,55.00%,40.00%,4.90%,26.80%,56.10%,12.20%,0.00%,1.35,0.68,0.63,0.44,0,6.7,6.7,4.5,22.50%,40.60%,25.00%,28.10%,15.60%,10.00%,100.00%,95.00%,2.50%,97.50%,8.60%,20.00%,81.50%,77.10%,62.50%,74.10%,100.00%,26.50%,70.90%,8.90%,0.00%,64.70%,68.10%,75.70%,0.00%,21
England,Site,2013,RWA,"1,010",148,14.70%,98.00%,77.50%,9.10%,65.00%,25.90%,9.10%,26.60%,43.40%,20.30%,0.70%,2.13,1.06,0.33,1.17,0,6.9,6.6,4.4,30.50%,48.10%,35.20%,19.40%,22.20%,10.60%,68.80%,79.70%,3.50%,83.20%,8.00%,19.00%,85.90%,77.30%,71.80%,93.40%,84.50%,55.90%,87.30%,20.80%,21.20%,60.40%,90.80%,67.40%,4.20%,108
England,Hospital,2013,RGQ01,512,96,18.80%,99.00%,87.20%,12.80%,60.60%,26.60%,6.30%,29.50%,44.20%,20.00%,0.00%,1.49,0.97,0.24,0.63,0,6.9,6.8,5.8,68.10%,21.10%,12.70%,11.30%,7.00%,12.80%,78.60%,83.70%,13.00%,96.70%,9.70%,22.60%,79.10%,59.30%,55.60%,77.90%,81.90%,44.20%,81.50%,15.20%,23.90%,63.10%,79.70%,68.20%,4.20%,45
England,Hospital,2013,RTRAT,806,111,13.80%,99.10%,72.20%,7.30%,64.50%,28.20%,11.70%,36.90%,36.90%,13.50%,0.90%,0.61,0.74,0.09,0.34,0,6.7,6.2,3.9,22.40%,43.00%,32.30%,21.50%,29.00%,14.20%,85.70%,18.60%,2.10%,20.60%,6.60%,17.90%,88.10%,78.50%,82.10%,90.70%,86.60%,59.60%,97.20%,28.30%,30.30%,59.10%,85.10%,77.50%,9.90%,79
England,Hospital,2013,RGP75,358,62,17.30%,96.80%,91.10%,3.30%,73.80%,23.00%,8.10%,27.40%,50.00%,14.50%,0.00%,2.51,0.45,0.32,0.34,0,6.8,6.6,4.4,26.20%,22.00%,12.00%,10.00%,8.00%,6.70%,25.00%,34.50%,8.60%,43.10%,3.30%,11.70%,90.20%,80.40%,64.60%,85.20%,73.50%,59.50%,79.60%,11.80%,8.10%,51.70%,79.70%,75.10%,1.60%,24
England,Hospital,2013,RTH08,674,95,14.10%,68.40%,77.90%,13.70%,44.20%,42.10%,5.30%,42.60%,38.30%,12.80%,1.10%,0.79,0,0,0.21,0,6.6,6.4,4.3,20.90%,37.30%,29.30%,21.30%,20.00%,13.80%,38.50%,24.10%,1.10%,25.30%,9.80%,25.30%,78.10%,73.60%,62.00%,82.40%,85.40%,42.90%,85.30%,23.20%,21.80%,69.50%,79.20%,65.80%,5.40%,66
England,Hospital,2013,RVVKC,274,49,17.90%,95.90%,81.60%,10.20%,65.30%,24.50%,18.40%,46.90%,24.50%,10.20%,0.00%,0.89,0.73,0.29,0.33,0,6.9,6.6,3.7,40.40%,22.00%,9.80%,14.60%,14.60%,23.40%,91.70%,40.40%,2.10%,42.60%,14.30%,18.40%,93.80%,83.90%,75.50%,95.70%,97.50%,44.10%,92.70%,29.80%,36.00%,75.50%,87.00%,76.50%,20.80%,35
England,Hospital,2013,RNQ51,516,78,15.10%,88.50%,91.70%,9.20%,67.10%,23.70%,9.10%,22.10%,37.70%,31.20%,0.00%,1.83,0.67,0.64,0.53,0,6.7,6.4,5.2,27.60%,34.70%,26.50%,16.30%,22.40%,5.20%,25.00%,20.30%,12.20%,32.40%,4.10%,15.10%,98.20%,69.10%,73.70%,58.70%,87.40%,47.00%,71.80%,7.30%,14.10%,37.90%,76.80%,65.30%,1.30%,41
England,Hospital,2013,RWP31,48,7,14.60%,100.00%,28.60%,0.00%,85.70%,14.30%,0.00%,57.10%,0.00%,42.90%,0.00%,13.93,1,0.14,0,0.43,7,7,4.5,0.00%,50.00%,50.00%,25.00%,50.00%,0.00%,N/A,85.70%,0.00%,85.70%,16.70%,33.30%,100.00%,100.00%,85.50%,64.40%,75.30%,54.10%,100.00%,13.40%,27.50%,68.60%,100.00%,100.00%,0.00%,6
England,Hospital,2013,RF4DG,217,43,19.80%,65.10%,90.50%,14.00%,69.80%,16.30%,7.30%,34.10%,46.30%,12.20%,0.00%,0.81,1.72,0.09,0.19,0.19,6.8,6.7,4.9,50.00%,37.10%,17.10%,28.60%,11.40%,11.60%,33.30%,18.60%,4.70%,23.30%,6.10%,26.50%,67.40%,54.70%,33.00%,89.70%,69.10%,40.00%,65.60%,31.00%,16.60%,35.80%,76.50%,70.30%,0.00%,21
England,Hospital,2013,RJZ01,691,133,19.20%,45.10%,84.40%,17.70%,56.20%,26.20%,3.10%,42.00%,37.40%,14.50%,3.10%,2.04,1.1,0.98,1.69,0,6.8,6.7,4.5,56.60%,34.30%,15.70%,23.10%,20.40%,18.90%,92.30%,39.40%,1.90%,41.30%,9.50%,25.00%,83.60%,74.80%,64.80%,82.10%,95.50%,52.80%,94.60%,30.40%,34.50%,54.00%,85.90%,73.70%,3.80%,27
England,Hospital,2013,RAX01,232,50,21.60%,78.00%,91.80%,4.00%,72.00%,24.00%,10.00%,38.00%,34.00%,18.00%,0.00%,1.26,0.74,0.3,0.12,0,6.8,6.8,4.7,6.30%,40.50%,24.30%,29.70%,18.90%,18.40%,33.30%,16.30%,4.10%,20.40%,7.30%,33.30%,80.00%,70.70%,68.20%,83.90%,78.90%,42.30%,89.30%,36.90%,20.70%,48.20%,66.40%,59.60%,0.00%,33
England,Site,2013,RR8,"1,219",234,19.20%,85.50%,85.80%,9.60%,61.60%,28.80%,6.00%,37.20%,32.10%,22.60%,2.10%,0.8,0.9,0.4,0.32,0.06,6.6,6.4,4.5,19.60%,28.20%,14.80%,20.80%,16.80%,9.10%,57.10%,41.30%,9.60%,50.90%,8.20%,15.00%,89.40%,74.40%,62.70%,86.20%,81.60%,44.90%,88.30%,17.70%,21.80%,54.80%,86.90%,60.40%,4.30%,102
England,Hospital,2013,RWEAK,317,76,24.00%,75.00%,77.10%,1.40%,47.90%,50.70%,8.00%,33.30%,36.00%,20.00%,2.70%,0.84,0.29,0.18,0.11,0,6.8,4.9,4.1,17.60%,38.50%,26.90%,19.20%,25.00%,6.60%,57.10%,96.10%,2.60%,98.70%,8.70%,15.50%,66.70%,74.40%,60.00%,83.00%,87.90%,41.40%,86.70%,18.10%,12.30%,51.10%,73.40%,73.70%,25.30%,52
England,Hospital,2013,RWEAA,681,124,18.20%,81.50%,95.90%,12.10%,67.70%,20.20%,4.80%,39.50%,35.50%,19.40%,0.80%,0.88,0.34,0.19,0.1,0.05,6.9,5.9,3.7,26.80%,36.30%,12.10%,27.50%,24.20%,14.20%,63.20%,92.70%,2.40%,95.10%,7.70%,23.10%,77.20%,43.80%,58.50%,80.40%,83.80%,49.20%,84.00%,22.70%,29.30%,54.20%,82.80%,62.80%,1.60%,66
England,Hospital,2013,RBT20,397,41,10.30%,97.60%,89.70%,12.50%,72.50%,15.00%,7.50%,45.00%,20.00%,25.00%,2.50%,0.15,1.32,0.63,0.98,0.24,6.9,6.9,4,10.30%,39.30%,21.40%,25.00%,25.00%,4.90%,50.00%,18.40%,2.60%,21.10%,6.50%,19.40%,96.30%,53.60%,57.80%,72.70%,100.00%,45.40%,85.60%,17.60%,16.80%,56.20%,64.50%,63.20%,0.00%,27
England,Hospital,2013,RJ201,326,60,18.40%,56.70%,78.20%,10.00%,75.00%,15.00%,1.70%,40.70%,45.80%,11.90%,0.00%,2.38,0.32,1.48,1.25,0,6.6,6.3,3.7,36.80%,51.10%,37.80%,28.90%,17.80%,8.50%,42.90%,15.50%,1.70%,17.20%,10.00%,22.60%,75.30%,64.10%,54.60%,72.70%,83.90%,49.40%,75.20%,23.70%,11.90%,48.10%,69.60%,68.60%,1.70%,38
England,Hospital,2013,RWDDA,506,77,15.20%,93.50%,86.50%,4.00%,69.30%,26.70%,6.50%,29.90%,36.40%,26.00%,1.30%,1.65,0.68,0.47,0.1,0,6.4,5.6,4,31.50%,46.60%,31.00%,25.90%,24.10%,9.10%,57.10%,23.40%,1.30%,24.70%,10.70%,14.70%,79.30%,80.70%,74.90%,66.40%,84.90%,52.30%,84.40%,12.10%,12.00%,41.60%,80.00%,63.40%,2.70%,44
England,Hospital,2013,RWH01,531,56,10.50%,82.10%,79.20%,10.70%,62.50%,26.80%,5.40%,41.10%,32.10%,17.90%,3.60%,2.5,0.46,1.18,0.34,0.04,6.9,6.6,4.9,39.30%,57.10%,50.00%,19.00%,28.60%,14.30%,66.70%,56.40%,18.20%,74.50%,3.80%,20.80%,100.00%,90.80%,75.90%,100.00%,67.60%,28.40%,94.00%,20.40%,30.30%,54.70%,96.70%,71.00%,14.80%,18
England,Hospital,2013,R1H83,81,25,30.90%,52.00%,47.80%,0.00%,95.80%,4.20%,4.50%,36.40%,40.90%,9.10%,9.10%,0.48,0.08,0,0,0,7,6.9,3.2,68.00%,30.40%,13.00%,21.70%,17.40%,4.00%,0.00%,4.00%,0.00%,4.00%,8.70%,25.00%,84.40%,85.70%,57.30%,96.00%,79.30%,41.50%,90.10%,33.90%,22.20%,62.60%,97.70%,69.00%,0.00%,21
England,Hospital,2013,RC971,498,96,19.30%,72.90%,92.40%,7.40%,69.50%,23.20%,6.30%,30.50%,42.10%,20.00%,1.10%,1.47,0.82,0.85,0.33,0,6.9,6.6,3.4,27.10%,48.70%,32.90%,26.30%,30.30%,3.20%,25.00%,19.10%,2.10%,21.30%,11.80%,22.30%,84.20%,75.50%,68.40%,83.80%,82.30%,37.60%,92.70%,36.00%,45.80%,71.80%,97.90%,67.20%,1.00%,26
England,Hospital,2013,RJN71,285,43,15.10%,100.00%,97.40%,4.80%,83.30%,11.90%,4.90%,29.30%,41.50%,24.40%,0.00%,0.07,0.2,0.07,0.07,0,6.5,6,3.9,11.90%,38.70%,19.40%,25.80%,9.70%,2.30%,0.00%,2.60%,0.00%,2.60%,11.80%,16.70%,89.20%,79.90%,69.60%,95.20%,85.80%,49.40%,95.20%,7.90%,14.00%,56.20%,91.40%,67.50%,4.70%,30
England,Hospital,2013,RWF03,245,48,19.60%,91.70%,89.40%,12.50%,75.00%,12.50%,14.90%,31.90%,31.90%,19.10%,2.10%,3.41,0.46,1.32,0.35,0,6.9,6.8,3.8,43.80%,37.20%,20.90%,18.60%,11.60%,14.90%,42.90%,19.10%,4.30%,23.40%,17.00%,29.80%,87.20%,71.70%,62.30%,83.80%,90.50%,43.60%,90.50%,27.30%,33.30%,70.20%,80.40%,71.70%,2.10%,33
England,Site,2013,RW3,745,172,23.10%,71.50%,77.40%,6.10%,65.50%,28.50%,13.50%,40.60%,27.60%,14.70%,3.50%,1.38,0.49,0.44,0.31,0,6.8,6.4,3.3,31.50%,39.80%,20.30%,27.10%,27.10%,8.20%,31.30%,39.50%,14.00%,53.50%,11.30%,24.10%,78.60%,62.70%,53.60%,87.40%,91.90%,40.30%,93.30%,25.20%,30.30%,45.90%,80.90%,73.50%,13.50%,44
England,Hospital,2013,RPA02,450,76,16.90%,96.10%,79.70%,2.70%,74.70%,22.70%,14.50%,30.30%,36.80%,17.10%,1.30%,0.99,0.3,0.01,0.12,0,6.9,6.9,6.2,12.30%,3.60%,1.80%,1.80%,0.00%,0.00%,N/A,0.00%,0.00%,0.00%,23.50%,25.00%,82.00%,66.00%,59.80%,86.30%,86.00%,24.00%,71.10%,40.70%,29.30%,41.80%,94.00%,58.60%,2.60%,24
England,Hospital,2013,RD899,358,51,14.20%,84.30%,83.00%,10.00%,64.00%,26.00%,10.40%,41.70%,39.60%,8.30%,0.00%,1.18,0.9,0.2,0.49,0,6.9,6.8,4.6,24.50%,43.60%,12.80%,35.90%,12.80%,3.90%,33.30%,30.00%,0.00%,30.00%,2.60%,27.00%,72.10%,59.20%,47.60%,90.50%,71.50%,50.50%,81.60%,23.10%,33.90%,85.40%,100.00%,77.90%,0.00%,28
England,Hospital,2013,RBA11,452,72,15.90%,100.00%,87.50%,11.10%,56.90%,31.90%,7.00%,36.60%,31.00%,19.70%,5.60%,1.14,0.69,0.39,0.24,0,6.8,6.5,3.4,33.80%,38.60%,24.60%,17.50%,15.80%,13.90%,90.00%,27.80%,9.70%,37.50%,16.20%,29.40%,89.60%,48.40%,54.60%,92.40%,80.00%,57.60%,93.70%,41.80%,24.40%,42.90%,84.10%,49.10%,2.80%,21
England,Hospital,2013,RL410,559,57,10.20%,91.20%,93.00%,17.50%,63.20%,19.30%,7.00%,40.40%,33.30%,17.50%,1.80%,2.63,2.67,0.4,0.82,0.18,6.5,5.5,3.8,80.70%,70.00%,60.00%,35.00%,55.00%,14.00%,42.90%,35.10%,5.30%,40.40%,14.80%,22.60%,90.80%,65.40%,70.70%,73.10%,86.90%,58.40%,97.30%,29.70%,28.70%,56.70%,91.20%,70.10%,1.80%,22
England,Site,2013,RTD,"1,179",151,12.80%,94.00%,58.30%,6.00%,57.30%,36.70%,11.30%,25.80%,37.10%,21.90%,4.00%,1.73,0.61,0.62,3.23,0,6.9,6.7,4.9,28.60%,27.00%,15.70%,17.40%,21.70%,9.40%,36.80%,56.40%,16.80%,73.20%,11.00%,27.00%,87.20%,76.90%,69.40%,86.80%,95.50%,58.50%,95.30%,29.80%,26.20%,59.60%,87.70%,79.70%,6.00%,106
England,Hospital,2013,R1HNH,253,60,23.70%,40.00%,84.70%,1.70%,72.90%,25.40%,0.00%,44.10%,42.40%,13.60%,0.00%,0.98,1.32,0.6,0.12,0,6.7,6.5,3.6,93.30%,29.20%,6.30%,25.00%,18.80%,3.30%,100.00%,15.00%,65.00%,80.00%,14.00%,34.50%,85.80%,55.00%,57.90%,89.40%,81.30%,44.80%,94.10%,26.90%,32.20%,68.30%,77.90%,88.00%,0.00%,23
England,Hospital,2013,RM102,877,167,19.00%,97.60%,92.60%,11.80%,65.20%,23.00%,9.10%,33.30%,35.20%,21.80%,0.60%,1.89,0.16,0.2,0.9,0,6.8,6.8,4.3,21.30%,42.70%,22.60%,25.80%,17.70%,11.40%,85.00%,80.50%,8.50%,89.00%,14.90%,26.40%,87.90%,64.70%,75.70%,94.90%,89.00%,52.30%,88.50%,21.20%,26.10%,61.10%,92.90%,68.70%,1.20%,57
England,Site,2013,RVJ,777,123,15.80%,92.70%,81.00%,4.10%,66.70%,29.30%,5.70%,42.30%,28.50%,22.00%,1.60%,1.22,0.58,0.43,0.39,0,6.7,6.1,3.6,33.60%,44.90%,31.50%,25.80%,31.50%,9.90%,21.40%,19.20%,5.80%,25.00%,8.50%,18.80%,79.30%,65.40%,57.00%,79.70%,90.90%,39.70%,85.60%,23.80%,18.10%,57.00%,71.00%,56.90%,7.40%,93
England,Hospital,2013,RBZ12,235,31,13.20%,100.00%,87.10%,6.50%,71.00%,22.60%,6.50%,22.60%,54.80%,16.10%,0.00%,3.63,0.36,1.45,0,0,6.7,6,3.2,50.00%,57.70%,46.20%,30.80%,30.80%,6.50%,50.00%,71.00%,16.10%,87.10%,3.20%,22.60%,75.70%,73.80%,67.10%,66.10%,64.20%,51.80%,80.80%,39.90%,7.20%,52.50%,78.40%,50.00%,0.00%,26
England,Hospital,2013,RW602,312,35,11.20%,77.10%,63.60%,0.00%,60.00%,40.00%,5.70%,34.30%,48.60%,11.40%,0.00%,3.21,3.43,1.07,0,0,6.6,6.3,4.5,25.70%,27.60%,10.30%,20.70%,17.20%,0.00%,N/A,88.20%,0.00%,88.20%,12.10%,12.10%,83.70%,45.40%,34.30%,72.10%,44.90%,14.80%,90.70%,22.70%,28.40%,43.60%,64.90%,29.10%,0.00%,24
England,Hospital,2013,RVLC9,296,29,9.80%,31.00%,65.50%,6.90%,82.80%,10.30%,3.60%,39.30%,32.10%,25.00%,0.00%,4.38,2.14,0.97,0.79,0,7,5.9,3.4,37.90%,68.20%,22.70%,63.60%,36.40%,6.90%,50.00%,46.20%,0.00%,46.20%,14.80%,29.60%,71.10%,71.30%,43.60%,74.00%,84.90%,48.40%,89.80%,19.10%,39.10%,46.00%,80.60%,74.30%,13.80%,17
England,Hospital,2013,RTFFS,295,50,16.90%,100.00%,93.60%,2.00%,78.00%,20.00%,2.10%,18.80%,50.00%,25.00%,4.20%,2.1,0.45,0.58,1.68,0,6.6,6.3,5.4,20.00%,28.60%,14.30%,17.10%,8.60%,4.10%,50.00%,56.30%,31.30%,87.50%,6.50%,8.70%,100.00%,55.30%,84.60%,81.00%,83.00%,41.20%,100.00%,16.10%,5.00%,42.20%,94.10%,82.20%,2.00%,16
England,Hospital,2013,RNS01,551,96,17.40%,89.60%,90.80%,6.30%,64.60%,29.20%,5.40%,31.20%,38.70%,21.50%,3.20%,0.86,0.69,0.16,0.08,0,6.7,6.4,4.3,32.20%,50.80%,33.80%,29.20%,32.30%,8.30%,41.70%,22.10%,0.00%,22.10%,5.60%,14.60%,89.70%,77.20%,71.90%,86.10%,87.70%,40.30%,92.00%,15.70%,7.50%,56.90%,81.10%,74.10%,10.40%,55
England,Hospital,2013,RHQNG,"1,078",201,18.60%,90.50%,81.40%,9.50%,70.50%,20.00%,7.00%,34.00%,37.50%,20.50%,1.00%,0.91,0.6,0.27,0.55,0.07,6.5,6.3,4.4,33.00%,30.50%,19.20%,16.60%,18.50%,9.60%,77.80%,18.50%,6.70%,25.10%,8.60%,13.80%,90.50%,79.70%,68.20%,80.40%,85.10%,42.30%,89.00%,18.90%,22.20%,47.70%,85.90%,65.30%,6.00%,125
England,Hospital,2013,RV820,501,100,20.00%,51.00%,88.70%,7.00%,71.00%,22.00%,5.10%,34.70%,51.00%,9.20%,0.00%,0.62,0.31,0.2,0.24,0,6.8,6.6,3.5,26.30%,36.10%,15.70%,24.10%,20.50%,6.10%,75.00%,49.00%,1.00%,50.00%,7.10%,17.50%,72.80%,48.20%,42.80%,81.20%,93.70%,20.20%,86.50%,33.40%,22.80%,48.40%,79.30%,63.00%,3.00%,53
England,Hospital,2013,RX1CC,521,79,15.20%,92.40%,68.80%,13.00%,63.60%,23.40%,6.40%,42.30%,28.20%,17.90%,5.10%,1.57,1.21,0.66,0.89,0,6.8,6.7,3.1,30.30%,55.40%,30.80%,40.00%,38.50%,10.30%,100.00%,74.40%,3.80%,78.20%,12.90%,19.70%,83.70%,81.20%,73.80%,71.90%,100.00%,42.80%,84.60%,42.60%,29.80%,75.50%,81.00%,61.70%,9.10%,59
England,Hospital,2013,RBF03,128,14,10.90%,85.70%,21.40%,0.00%,28.60%,71.40%,14.30%,14.30%,57.10%,14.30%,0.00%,0,0,0,0,0,7,6.9,4.5,0.00%,23.10%,15.40%,7.70%,15.40%,21.40%,100.00%,0.00%,0.00%,0.00%,7.10%,28.60%,55.10%,52.30%,46.90%,100.00%,100.00%,35.80%,83.50%,65.90%,56.10%,36.00%,73.10%,82.50%,0.00%,8
England,Hospital,2013,RGN80,511,79,15.50%,89.90%,94.70%,15.60%,68.80%,15.60%,6.30%,45.60%,35.40%,12.70%,0.00%,0.92,0.51,0.1,0.05,0,6.9,6.5,3.6,40.30%,42.60%,14.80%,35.20%,20.40%,15.40%,72.70%,72.20%,2.80%,75.00%,10.30%,18.30%,95.90%,76.70%,73.40%,81.10%,90.50%,51.90%,94.40%,10.90%,23.10%,45.40%,85.00%,90.60%,2.60%,59
England,Hospital,2013,RWDLA,332,74,22.30%,97.30%,90.30%,1.40%,73.20%,25.40%,2.70%,27.00%,52.70%,17.60%,0.00%,1.72,1.22,0.86,0.11,0,6.6,5.8,4,27.10%,55.60%,40.70%,25.90%,27.80%,6.80%,40.00%,31.00%,1.40%,32.40%,13.40%,22.40%,87.90%,78.70%,64.30%,75.00%,73.30%,45.50%,90.80%,18.00%,26.00%,47.90%,86.10%,70.90%,2.80%,36
England,Hospital,2013,RXF05,571,92,16.10%,95.70%,91.10%,1.10%,76.90%,22.00%,5.40%,26.10%,47.80%,18.50%,2.20%,1.97,1.07,0.26,0.27,0,6.4,6.2,4.2,29.50%,34.40%,23.40%,15.60%,25.00%,5.60%,80.00%,34.10%,0.00%,34.10%,2.50%,8.60%,84.20%,84.80%,75.70%,76.20%,83.60%,37.50%,83.40%,18.50%,21.10%,67.00%,82.40%,69.20%,0.00%,51
England,Hospital,2013,RD304,375,58,15.50%,96.60%,81.10%,1.80%,70.20%,28.10%,3.40%,25.90%,43.10%,27.60%,0.00%,3.84,0.55,4.86,0.86,0,6.8,6.1,4.1,60.30%,63.40%,56.10%,26.80%,29.30%,14.00%,0.00%,50.90%,19.30%,70.20%,3.80%,26.40%,100.00%,73.50%,67.10%,100.00%,92.60%,56.40%,100.00%,9.60%,12.60%,65.40%,91.40%,65.70%,1.70%,15
England,Hospital,2013,RQWG0,383,37,9.70%,89.20%,94.30%,10.80%,59.50%,29.70%,17.10%,40.00%,34.30%,8.60%,0.00%,1.95,0.5,0.16,0,0,6.7,6.4,4,22.90%,24.10%,13.80%,13.80%,3.40%,11.80%,25.00%,61.80%,5.90%,67.60%,9.70%,23.50%,89.50%,89.10%,73.90%,77.50%,89.40%,44.50%,76.80%,30.00%,30.80%,47.30%,89.50%,78.50%,0.00%,30
England,Hospital,2013,RXH09,280,50,17.90%,98.00%,85.70%,6.00%,66.00%,28.00%,2.10%,41.70%,33.30%,22.90%,0.00%,1.24,0.4,0.3,0.62,0,6.9,5.8,4.7,17.00%,33.30%,23.30%,20.00%,20.00%,4.20%,50.00%,17.00%,0.00%,17.00%,11.40%,23.40%,79.80%,69.00%,59.10%,74.40%,86.40%,16.30%,90.20%,13.10%,9.70%,37.60%,100.00%,60.30%,0.00%,21
England,Hospital,2013,RXWAT,320,44,13.80%,93.20%,97.70%,4.70%,76.70%,18.60%,6.80%,38.60%,38.60%,15.90%,0.00%,2.91,1.18,0.09,0.18,0,6.5,6.1,3,36.40%,38.90%,11.10%,33.30%,11.10%,2.30%,N/A,11.40%,0.00%,11.40%,7.10%,23.80%,91.70%,86.30%,63.60%,61.10%,82.50%,37.00%,69.80%,29.50%,24.50%,56.80%,91.70%,58.40%,2.30%,24
England,Hospital,2013,RYQ30,383,43,11.20%,88.40%,92.50%,4.90%,70.70%,24.40%,9.30%,27.90%,39.50%,23.30%,0.00%,0.47,0.14,0,0,0,6.9,6.7,4.9,28.20%,17.60%,8.80%,8.80%,5.90%,0.00%,N/A,0.00%,0.00%,0.00%,5.00%,20.00%,96.70%,79.40%,78.10%,100.00%,89.80%,45.00%,78.00%,7.80%,10.30%,63.00%,84.60%,63.50%,0.00%,28
England,Hospital,2013,RHU03,909,126,13.90%,97.60%,92.10%,2.40%,55.60%,42.10%,8.00%,51.20%,23.20%,17.60%,0.00%,1.47,0.95,0.28,0.1,0,6.8,6.8,4.7,63.20%,14.70%,8.00%,8.00%,6.70%,6.60%,85.70%,26.50%,6.80%,33.30%,5.40%,17.80%,77.60%,61.30%,57.80%,89.40%,88.00%,42.10%,89.90%,27.40%,17.30%,66.00%,92.10%,68.00%,9.80%,36
England,Hospital,2013,RRK02,"1,120",197,17.60%,70.10%,76.00%,11.70%,57.70%,30.60%,7.70%,41.20%,36.10%,10.80%,4.10%,1.78,0.41,0.38,0.12,0,6.8,6.2,3.8,41.50%,32.20%,13.20%,23.60%,19.50%,11.30%,20.80%,76.90%,2.70%,79.60%,9.60%,23.80%,83.40%,67.80%,61.80%,88.00%,79.20%,55.40%,86.40%,23.10%,27.90%,67.60%,86.60%,79.40%,11.30%,112
England,Hospital,2013,RR7EN,451,53,11.80%,96.20%,96.20%,5.70%,67.90%,26.40%,3.80%,26.40%,39.60%,30.20%,0.00%,2.12,0.53,0.15,1.06,0,6.8,6.7,5.3,15.10%,45.70%,28.60%,25.70%,22.90%,5.70%,66.70%,48.10%,0.00%,48.10%,0.00%,5.70%,83.10%,77.40%,60.00%,80.70%,87.40%,53.70%,96.30%,7.40%,4.10%,42.20%,90.00%,67.70%,1.90%,35
England,Hospital,2013,RCX70,391,76,19.40%,100.00%,95.90%,11.80%,67.10%,21.10%,2.60%,32.90%,43.40%,14.50%,6.60%,1.96,0.29,0.72,0.99,0,6.9,6.9,4.8,48.70%,34.50%,20.70%,15.50%,19.00%,11.80%,75.00%,39.50%,2.60%,42.10%,6.80%,11.00%,93.10%,68.40%,72.40%,88.10%,93.20%,57.00%,80.50%,13.30%,19.40%,56.20%,73.30%,68.30%,1.40%,37
England,Hospital,2013,RYQ50,401,56,14.00%,78.60%,91.10%,5.50%,80.00%,14.50%,0.00%,17.90%,66.10%,14.30%,1.80%,1.69,0.61,0.12,0.21,0,6.5,6.5,4.6,21.40%,29.20%,8.30%,22.90%,4.20%,7.80%,50.00%,56.90%,2.00%,58.80%,4.40%,10.90%,80.60%,53.20%,53.70%,59.30%,93.60%,23.30%,88.30%,16.00%,7.50%,49.10%,73.40%,69.90%,1.80%,50
England,Hospital,2013,RWH20,123,29,23.60%,75.90%,85.70%,3.40%,62.10%,34.50%,0.00%,27.60%,41.40%,31.00%,0.00%,3.41,1.69,0.28,0.83,0,7,6.6,4,27.60%,50.00%,16.70%,38.90%,11.10%,7.10%,0.00%,64.30%,0.00%,64.30%,4.00%,24.00%,100.00%,41.80%,73.80%,61.40%,100.00%,57.90%,74.50%,74.10%,32.00%,47.20%,61.40%,73.80%,3.60%,5
England,Hospital,2013,RVV09,258,46,17.80%,95.70%,95.70%,8.70%,67.40%,23.90%,8.90%,33.30%,33.30%,24.40%,0.00%,0.82,0.98,0,0,0,6.8,6.8,4.8,34.10%,10.00%,3.30%,6.70%,6.70%,2.20%,100.00%,37.80%,2.20%,40.00%,16.70%,25.00%,78.60%,64.20%,70.80%,71.00%,59.00%,56.00%,95.30%,15.90%,10.30%,59.70%,68.00%,68.20%,6.50%,38
England,Hospital,2013,RF4QH,900,12,1.30%,75.00%,100.00%,0.00%,83.30%,16.70%,0.00%,50.00%,33.30%,16.70%,0.00%,9.38,4.33,3.13,1.67,0,6.1,7,3.7,16.70%,33.30%,0.00%,33.30%,11.10%,8.30%,100.00%,11.10%,0.00%,11.10%,11.10%,36.40%,100.00%,100.00%,71.90%,84.30%,100.00%,14.80%,86.60%,23.50%,15.50%,61.60%,86.60%,63.10%,0.00%,6
England,Hospital,2013,RJF02,289,60,20.80%,91.70%,91.10%,10.20%,66.10%,23.70%,11.90%,33.90%,33.90%,18.60%,1.70%,1.68,1.11,0.6,0.27,0,6.6,6.2,4,47.50%,34.00%,23.40%,21.30%,27.70%,8.50%,42.90%,5.10%,0.00%,5.10%,11.10%,20.00%,88.70%,85.20%,77.60%,85.80%,92.50%,56.50%,94.10%,18.20%,21.90%,58.10%,97.10%,71.50%,0.00%,38
England,Hospital,2013,RX1RA,790,82,10.40%,89.00%,93.80%,9.90%,64.20%,25.90%,6.20%,32.10%,33.30%,21.00%,7.40%,1.68,1.43,0.44,0,0,6.7,6.1,3.6,23.80%,46.00%,25.40%,33.30%,30.20%,6.20%,50.00%,45.70%,8.60%,54.30%,8.60%,17.90%,85.70%,76.50%,74.70%,75.80%,83.10%,41.90%,98.60%,26.60%,23.10%,67.30%,89.10%,74.30%,2.40%,55
England,Hospital,2013,RFRPA,399,40,10.00%,97.50%,91.90%,5.00%,72.50%,22.50%,12.80%,17.90%,43.60%,25.60%,0.00%,3.56,0.5,1.93,1.22,0,6.6,5.6,4.2,20.00%,34.60%,19.20%,19.20%,19.20%,2.50%,100.00%,7.70%,0.00%,7.70%,4.00%,5.40%,88.40%,66.30%,74.10%,55.90%,100.00%,18.50%,95.50%,7.40%,13.80%,49.60%,75.70%,70.10%,0.00%,16
England,Hospital,2013,RHW01,558,79,14.20%,74.70%,88.20%,9.00%,76.90%,14.10%,6.30%,43.00%,34.20%,13.90%,2.50%,1.61,0.41,0.23,1,0,6.7,6.7,4.2,48.70%,15.40%,9.20%,6.20%,9.20%,11.40%,77.80%,44.20%,13.00%,57.10%,18.20%,35.10%,90.50%,67.60%,87.00%,86.30%,86.10%,56.20%,81.10%,40.80%,40.70%,53.60%,80.50%,79.00%,10.10%,39
England,Hospital,2013,RXR20,571,87,15.20%,82.80%,95.10%,8.20%,64.70%,27.10%,2.30%,27.90%,48.80%,18.60%,2.30%,1.03,0.83,0.28,1.06,0,6.6,6.1,5.1,58.10%,42.00%,24.00%,28.00%,28.00%,5.80%,80.00%,12.70%,1.80%,14.50%,10.60%,19.70%,65.20%,61.60%,65.20%,95.60%,90.50%,62.50%,72.50%,36.10%,29.10%,62.00%,79.90%,64.20%,2.40%,17
England,Hospital,2013,RMC01,445,80,18.00%,93.80%,90.90%,7.70%,61.50%,30.80%,5.10%,55.10%,26.90%,12.80%,0.00%,1.88,0.44,0.38,1.41,0,6.7,6.6,4.6,25.60%,38.50%,11.50%,26.90%,15.40%,10.10%,75.00%,90.90%,3.90%,94.80%,13.40%,18.90%,99.10%,75.10%,83.30%,64.50%,88.40%,56.20%,93.50%,12.80%,13.80%,72.60%,89.30%,79.80%,2.50%,44
England,Hospital,2013,RDZ20,480,53,11.00%,100.00%,86.50%,13.70%,70.60%,15.70%,9.40%,28.30%,41.50%,20.80%,0.00%,3.62,1.42,0,0.68,0,6.8,6.6,4.7,44.20%,17.50%,5.00%,12.50%,12.50%,15.40%,75.00%,28.80%,3.80%,32.70%,3.80%,9.40%,93.50%,84.30%,59.10%,79.10%,92.30%,40.60%,100.00%,34.50%,9.40%,70.20%,80.60%,75.60%,1.90%,20
England,Hospital,2013,REF12,468,77,16.50%,98.70%,88.20%,9.20%,72.40%,18.40%,6.60%,34.20%,46.10%,13.20%,0.00%,0.95,0.39,0.35,0.61,0.05,6.6,6.4,3.4,26.70%,53.10%,42.90%,30.60%,28.60%,6.60%,40.00%,1.30%,0.00%,1.30%,18.40%,15.10%,100.00%,100.00%,100.00%,100.00%,73.30%,46.80%,76.00%,42.40%,0.00%,46.80%,100.00%,100.00%,6.50%,5
England,Hospital,2013,RTGFG,961,125,13.00%,96.00%,92.70%,6.40%,71.20%,22.40%,4.00%,24.20%,43.50%,27.40%,0.80%,1.25,0.41,0.54,0.45,0,6.7,6.5,3.7,22.30%,41.40%,14.90%,29.90%,20.70%,13.60%,76.50%,14.60%,2.40%,17.10%,9.80%,15.30%,81.80%,61.70%,66.00%,83.90%,87.20%,47.00%,76.90%,13.60%,12.90%,60.10%,81.00%,71.90%,2.40%,61
England,Hospital,2013,RH801,700,93,13.30%,92.50%,87.90%,4.70%,71.80%,23.50%,6.70%,36.70%,34.40%,21.10%,1.10%,0.56,0.81,0.35,0.16,0,6.7,6.6,4.5,56.70%,57.80%,29.70%,39.10%,32.80%,6.70%,71.40%,37.40%,44.00%,81.30%,6.30%,15.50%,93.50%,79.80%,82.30%,74.40%,100.00%,57.00%,88.30%,28.90%,19.00%,61.00%,92.20%,71.80%,6.50%,66
England,Hospital,2013,RAL01,405,96,23.70%,55.20%,68.50%,11.50%,61.50%,27.10%,7.40%,51.60%,33.70%,6.30%,1.10%,1.69,0.5,0.59,0.8,0.05,6.9,6.4,4.1,22.60%,45.00%,33.80%,27.50%,26.30%,10.60%,50.00%,6.50%,0.00%,6.50%,14.50%,23.30%,83.20%,64.20%,62.10%,67.80%,82.50%,34.30%,76.20%,32.10%,10.80%,37.30%,81.80%,51.80%,12.50%,59
England,Hospital,2013,RN101,277,36,13.00%,94.40%,91.20%,11.10%,58.30%,30.60%,0.00%,55.60%,25.00%,19.40%,0.00%,1.5,1.11,0.33,0.33,0,7,7,4.6,91.40%,0.00%,0.00%,0.00%,0.00%,9.40%,100.00%,20.00%,0.00%,20.00%,17.10%,28.60%,79.70%,71.30%,81.80%,92.30%,82.40%,51.30%,91.10%,23.00%,33.10%,67.50%,90.00%,71.90%,5.60%,29
England,Hospital,2013,RTX02,372,74,19.90%,98.60%,93.10%,4.10%,62.20%,33.80%,6.80%,21.90%,45.20%,23.30%,2.70%,1.04,0.28,0.61,0.46,0,6.9,6.7,4.2,77.30%,51.90%,33.30%,27.80%,29.60%,10.80%,50.00%,13.50%,9.50%,23.00%,7.50%,20.60%,93.60%,72.60%,71.90%,87.30%,87.60%,56.70%,91.90%,21.10%,12.40%,62.00%,81.10%,80.40%,0.00%,48
England,Site,2013,RQ6,648,125,19.30%,91.20%,68.30%,4.90%,56.90%,38.20%,11.50%,41.00%,31.10%,13.10%,3.30%,2.31,1.22,0.53,0.25,0,6.7,6.2,4,26.30%,45.20%,36.90%,17.90%,26.20%,15.70%,68.40%,60.80%,10.00%,70.80%,8.10%,22.90%,89.70%,68.00%,64.10%,74.90%,76.00%,46.60%,89.60%,21.40%,21.70%,63.00%,84.80%,70.50%,7.30%,88
England,Hospital,2013,R1H12,481,101,21.00%,46.50%,80.20%,1.00%,60.40%,38.50%,3.00%,29.30%,51.50%,14.10%,2.00%,0.55,0.57,0,0.18,0,7,6.4,4.7,27.80%,47.70%,33.00%,35.20%,28.40%,14.00%,53.80%,18.20%,4.00%,22.20%,8.50%,22.10%,71.80%,49.20%,39.50%,72.10%,62.10%,30.60%,85.40%,14.60%,18.90%,52.20%,65.00%,54.90%,9.20%,64
England,Hospital,2013,RW603,326,65,19.90%,87.70%,74.60%,9.40%,68.80%,21.90%,0.00%,38.10%,46.00%,14.30%,1.60%,1.27,0.43,0.64,0.78,0,6.7,5.8,3.7,23.80%,38.00%,14.00%,30.00%,24.00%,9.40%,66.70%,23.40%,6.30%,29.70%,8.70%,32.80%,83.50%,63.20%,57.10%,92.30%,96.60%,41.60%,95.50%,13.90%,23.80%,42.20%,85.00%,54.30%,3.10%,35
England,Hospital,2013,RXN02,624,92,14.70%,90.20%,82.20%,2.20%,47.80%,50.00%,5.40%,20.70%,47.80%,22.80%,3.30%,0.24,0.26,0.13,0.09,0,6.7,6.2,3.5,26.40%,53.60%,37.70%,30.40%,29.00%,3.30%,0.00%,2.30%,1.20%,3.50%,12.20%,26.20%,79.20%,56.90%,45.30%,83.60%,89.50%,33.30%,67.50%,28.80%,30.80%,40.90%,75.50%,36.70%,6.60%,44
England,Hospital,2013,RXWAS,501,42,8.40%,100.00%,94.10%,2.40%,70.70%,26.80%,4.80%,38.10%,31.00%,26.20%,0.00%,1.61,0.9,0.1,1,0,6.7,6.5,3.9,33.30%,46.70%,20.00%,36.70%,30.00%,7.10%,50.00%,14.30%,4.80%,19.00%,4.90%,19.00%,79.40%,81.00%,71.90%,80.40%,94.40%,43.20%,91.40%,26.80%,17.20%,67.80%,87.40%,68.40%,2.40%,25
England,Hospital,2013,RA299,460,69,15.00%,92.80%,89.60%,5.90%,63.20%,30.90%,1.50%,30.90%,48.50%,17.60%,1.50%,1.16,0.8,0.06,0.17,0,6.9,6.7,4.4,65.60%,31.50%,16.70%,25.90%,13.00%,11.80%,44.40%,29.40%,30.90%,60.30%,8.80%,22.40%,94.50%,61.40%,56.00%,69.10%,78.80%,21.30%,76.10%,20.60%,15.90%,43.90%,53.60%,51.20%,1.40%,45
England,Hospital,2013,RXH01,520,89,17.10%,92.10%,79.10%,12.60%,65.50%,21.80%,10.50%,33.70%,31.40%,24.40%,0.00%,1.85,0.48,0.44,0.27,0.01,6.5,6.1,4.1,13.80%,57.40%,38.90%,31.50%,31.50%,16.10%,57.10%,12.60%,0.00%,12.60%,18.20%,27.40%,82.20%,67.50%,48.60%,81.00%,76.70%,39.70%,89.80%,22.70%,19.70%,51.10%,87.50%,65.40%,15.90%,45
England,Hospital,2013,RD130,550,97,17.60%,79.40%,91.50%,6.30%,67.70%,26.00%,8.40%,26.30%,36.80%,27.40%,1.10%,0.97,0.87,0.38,0.08,0,6.8,6.5,4.4,31.30%,59.70%,50.00%,26.40%,27.80%,9.30%,55.60%,30.90%,1.00%,32.00%,8.20%,22.70%,92.30%,76.40%,63.00%,83.70%,80.50%,25.30%,88.00%,12.90%,23.80%,44.50%,67.30%,42.70%,0.00%,47
England,Hospital,2013,RNA01,555,132,23.80%,92.40%,85.50%,13.60%,65.90%,20.50%,9.90%,28.20%,39.70%,19.10%,3.10%,1.88,0.83,0.44,0.29,0,6.9,6.8,5.3,35.60%,11.70%,6.80%,5.80%,4.90%,11.40%,93.30%,97.70%,2.30%,100.00%,9.60%,19.40%,87.90%,73.30%,70.90%,86.90%,74.40%,41.00%,94.40%,26.50%,23.10%,55.10%,86.90%,71.70%,6.10%,84
England,Hospital,2013,RM301,800,91,11.40%,91.20%,77.90%,4.40%,73.60%,22.00%,12.20%,30.00%,34.40%,21.10%,2.20%,0.99,0.56,0,0,0,6.6,6.2,4.3,76.50%,19.70%,9.90%,11.30%,12.70%,5.60%,85.70%,96.70%,3.30%,100.00%,8.30%,17.60%,94.80%,46.60%,60.70%,75.90%,74.40%,51.00%,93.10%,27.20%,20.20%,59.70%,83.10%,71.40%,20.90%,11
England,Hospital,2013,RNZ00,338,61,18.00%,98.40%,71.20%,5.00%,50.00%,45.00%,5.10%,39.00%,32.20%,23.70%,0.00%,2.34,0.59,0.61,0.39,0,7,7,7,96.70%,23.40%,14.90%,8.50%,10.60%,8.20%,100.00%,83.30%,0.00%,83.30%,12.10%,20.70%,84.40%,62.80%,65.00%,67.70%,79.10%,34.10%,85.70%,15.20%,35.50%,46.60%,85.50%,59.30%,0.00%,38
England,Hospital,2013,RXK01,311,56,18.00%,66.10%,89.30%,5.50%,58.20%,36.40%,1.80%,44.60%,28.60%,25.00%,0.00%,1.96,0.86,1.32,0.54,0,7,6.4,4,32.70%,55.30%,31.60%,39.50%,26.30%,5.40%,0.00%,13.50%,0.00%,13.50%,5.70%,18.50%,71.60%,41.30%,22.60%,69.90%,92.30%,32.30%,89.30%,29.40%,20.00%,36.40%,90.90%,47.60%,1.80%,35
England,Hospital,2013,RCC25,215,23,10.70%,95.70%,91.30%,0.00%,52.20%,47.80%,9.10%,9.10%,54.50%,27.30%,0.00%,5.22,0.87,1.63,0.35,0,7,6.8,4,30.40%,43.80%,37.50%,6.30%,18.80%,4.30%,100.00%,4.50%,0.00%,4.50%,0.00%,5.00%,59.10%,55.90%,34.90%,64.30%,58.40%,36.70%,62.40%,20.80%,19.80%,51.30%,62.10%,66.00%,0.00%,13
England,Hospital,2013,RJL32,300,30,10.00%,100.00%,93.10%,3.40%,69.00%,27.60%,7.10%,25.00%,46.40%,17.90%,3.60%,3.4,1.15,0.75,2.23,0,6.9,6.6,6.3,33.30%,35.00%,10.00%,35.00%,15.00%,6.70%,0.00%,13.30%,3.30%,16.70%,7.10%,21.40%,96.10%,82.40%,67.00%,72.90%,91.60%,68.60%,95.10%,9.00%,29.30%,45.20%,76.80%,79.70%,6.90%,22
England,Site,2013,RHQ1,320,44,13.80%,79.50%,64.30%,0.00%,62.80%,37.20%,2.30%,37.20%,46.50%,14.00%,0.00%,1.55,0.64,1.36,0.73,0,7,6.9,4.7,31.70%,15.60%,6.30%,12.50%,6.30%,4.80%,50.00%,17.10%,31.70%,48.80%,8.30%,11.10%,87.00%,70.50%,34.70%,100.00%,100.00%,68.50%,87.90%,32.10%,23.00%,68.80%,81.40%,87.20%,0.00%,15
England,Hospital,2013,RE9GA,276,42,15.20%,97.60%,85.70%,7.10%,66.70%,26.20%,9.50%,31.00%,26.20%,33.30%,0.00%,3.04,2.32,1.12,1.32,0,6.5,6.5,4.8,54.80%,32.10%,21.40%,21.40%,21.40%,4.90%,0.00%,19.50%,7.30%,26.80%,9.50%,16.70%,100.00%,72.70%,61.80%,72.70%,100.00%,47.70%,89.10%,0.00%,10.80%,35.00%,61.40%,89.10%,2.40%,9
England,Hospital,2013,RHM01,"1,017",147,14.50%,89.10%,80.90%,2.90%,67.60%,29.40%,4.90%,26.80%,45.80%,14.80%,7.70%,0.41,0.38,0.3,0.03,0.14,6.7,6.4,4.5,37.70%,28.10%,12.50%,19.80%,16.70%,8.50%,83.30%,55.30%,7.10%,62.40%,5.00%,13.70%,91.90%,60.80%,65.40%,74.70%,78.40%,47.70%,91.40%,28.20%,22.80%,51.10%,84.90%,78.90%,0.00%,85
England,Hospital,2013,RAJ01,561,91,16.20%,94.50%,85.10%,11.50%,48.30%,40.20%,4.70%,36.50%,37.60%,21.20%,0.00%,0.76,0.33,0.27,0,0,6.7,6.7,4.6,23.60%,33.30%,16.70%,18.10%,18.10%,14.80%,69.20%,29.40%,11.80%,41.20%,7.70%,16.30%,85.20%,75.70%,80.20%,74.10%,83.30%,40.70%,91.50%,18.70%,16.50%,63.00%,91.60%,69.40%,1.10%,64
England,Site,2013,RVY,376,36,9.60%,97.20%,91.40%,11.10%,69.40%,19.40%,11.10%,50.00%,27.80%,11.10%,0.00%,7.5,0.89,1.72,0.03,0.11,7,6.8,4.4,33.30%,37.50%,18.80%,21.90%,28.10%,2.80%,100.00%,8.80%,0.00%,8.80%,6.10%,18.20%,100.00%,100.00%,85.50%,49.80%,100.00%,44.90%,85.50%,0.00%,0.00%,63.20%,100.00%,63.00%,11.10%,4
England,Hospital,2013,RJ701,764,128,16.80%,51.60%,76.90%,7.30%,65.30%,27.40%,4.00%,43.50%,35.50%,16.10%,0.80%,0.95,1.48,0.35,1.05,0,6.7,6.4,4.2,19.30%,34.10%,21.60%,19.30%,26.10%,7.40%,70.00%,18.60%,2.90%,21.60%,6.70%,15.50%,81.40%,47.20%,46.10%,58.60%,68.20%,33.80%,82.00%,32.00%,16.90%,33.40%,78.30%,50.20%,7.10%,81
England,Site,2013,RBN,694,89,12.80%,83.10%,90.20%,8.60%,58.00%,33.30%,4.60%,32.20%,47.10%,14.90%,1.10%,1.31,1.12,0.42,0.12,0,6.7,6.5,3.9,28.00%,54.50%,29.10%,38.20%,36.40%,8.50%,66.70%,12.50%,1.30%,13.80%,12.00%,19.70%,85.10%,73.50%,66.90%,91.50%,91.10%,50.90%,87.90%,23.80%,11.80%,58.40%,87.20%,49.30%,0.00%,49
England,Hospital,2013,RVR05,313,60,19.20%,80.00%,81.00%,5.10%,71.20%,23.70%,10.00%,28.30%,45.00%,16.70%,0.00%,1.42,0.58,0.37,1.4,0,6.8,6.5,5,37.30%,46.70%,35.60%,28.90%,28.90%,3.40%,50.00%,11.10%,0.00%,11.10%,8.80%,15.80%,79.30%,55.80%,60.10%,76.80%,83.60%,17.60%,78.50%,21.20%,22.20%,41.00%,81.40%,73.30%,11.70%,32
England,Hospital,2013,R1F01,223,29,13.00%,96.60%,88.90%,13.80%,55.20%,31.00%,3.60%,46.40%,32.10%,17.90%,0.00%,3.26,0.79,0.24,1.29,0,6.3,6,3.4,44.40%,60.90%,47.80%,39.10%,47.80%,20.70%,42.90%,96.40%,0.00%,96.40%,12.00%,24.00%,94.00%,80.00%,80.80%,71.00%,92.90%,26.70%,70.30%,34.80%,40.40%,38.30%,72.50%,81.50%,0.00%,21
England,Hospital,2013,RYJ01,302,46,15.20%,50.00%,77.30%,19.60%,65.20%,15.20%,6.50%,41.30%,41.30%,10.90%,0.00%,1.41,1.48,0.87,1.93,0,7,6.9,5.1,41.30%,32.50%,22.50%,17.50%,20.00%,28.30%,76.90%,46.20%,7.70%,53.80%,14.30%,34.90%,76.90%,65.90%,61.30%,77.70%,78.80%,49.90%,64.80%,26.00%,28.00%,45.80%,94.30%,57.40%,4.30%,19
England,Hospital,2013,RYR16,359,62,17.30%,96.80%,81.70%,5.30%,68.40%,26.30%,6.50%,35.50%,46.80%,11.30%,0.00%,0.94,0.19,0,0.53,0,6.8,6.8,4.1,40.40%,40.90%,11.40%,31.80%,25.00%,1.80%,100.00%,25.50%,0.00%,25.50%,8.80%,22.40%,90.00%,74.00%,74.30%,82.60%,96.40%,47.10%,93.80%,20.60%,19.90%,52.40%,92.40%,70.90%,0.00%,43
England,Hospital,2013,RJD01,193,36,18.70%,100.00%,97.10%,14.30%,62.90%,22.90%,8.30%,41.70%,38.90%,11.10%,0.00%,4.26,0.64,2.08,0.83,0,7,7,4,57.60%,25.00%,21.90%,6.30%,15.60%,11.10%,50.00%,66.70%,13.90%,80.60%,5.90%,20.60%,89.20%,72.10%,76.70%,58.70%,89.90%,51.00%,100.00%,29.60%,6.10%,39.90%,91.00%,87.90%,0.00%,26
England,Hospital,2013,RWJ09,589,91,15.40%,96.70%,89.70%,6.70%,63.30%,30.00%,2.20%,25.60%,50.00%,21.10%,1.10%,0.51,0.32,0.15,0.44,0.12,6.7,6,4.4,18.70%,44.30%,25.70%,21.40%,17.10%,9.00%,63.60%,9.00%,7.90%,16.90%,3.40%,12.40%,86.80%,60.10%,51.70%,49.30%,75.80%,36.30%,78.60%,8.90%,10.90%,42.10%,73.40%,52.60%,0.00%,40
England,Hospital,2013,RLNGL,680,96,14.10%,96.90%,90.90%,4.20%,57.90%,37.90%,10.40%,32.30%,40.60%,15.60%,1.00%,1.41,1.04,0.13,0.64,0.13,6.6,6.6,5.2,23.20%,23.40%,13.00%,15.60%,16.90%,5.20%,50.00%,32.30%,2.10%,34.40%,5.50%,18.50%,86.80%,72.50%,52.10%,79.80%,91.40%,44.90%,84.70%,26.50%,21.80%,47.90%,89.00%,63.00%,9.40%,71
England,Hospital,2013,RMP01,420,74,17.60%,85.10%,91.50%,6.90%,68.10%,25.00%,7.00%,28.20%,42.30%,22.50%,0.00%,0.81,0,0.18,0.49,0,6.7,5.8,4.3,32.40%,20.00%,9.10%,14.50%,14.50%,8.10%,0.00%,29.70%,9.50%,39.20%,8.90%,27.40%,81.20%,55.80%,64.30%,75.40%,51.30%,39.10%,81.70%,24.60%,10.80%,53.80%,72.00%,77.20%,1.40%,49
England,Hospital,2013,RA901,355,49,13.80%,98.00%,93.80%,6.30%,79.20%,14.60%,10.40%,27.10%,39.60%,20.80%,2.10%,4.16,1.02,2.84,0.78,0,6.7,6.5,3.7,31.30%,45.90%,37.80%,13.50%,24.30%,6.30%,60.00%,19.10%,14.90%,34.00%,14.90%,17.00%,90.20%,82.00%,73.40%,68.30%,84.10%,28.50%,82.70%,31.90%,24.80%,55.30%,78.90%,51.20%,0.00%,30
England,Hospital,2013,RW3TR,262,49,18.70%,79.60%,79.60%,10.20%,77.60%,12.20%,14.60%,39.60%,31.30%,14.60%,0.00%,2.04,0.86,0.39,1.76,0,6.9,6.7,4.9,50.00%,18.90%,8.10%,16.20%,16.20%,2.20%,100.00%,11.10%,46.70%,57.80%,10.90%,15.20%,83.10%,48.80%,52.90%,87.10%,83.10%,29.40%,86.30%,20.40%,48.40%,63.00%,78.90%,51.40%,2.00%,24
England,Hospital,2013,RWFTW,315,57,18.10%,100.00%,91.20%,1.80%,59.60%,38.60%,1.80%,38.60%,36.80%,21.10%,1.80%,3.07,0.77,0.4,0.18,0,6.9,6.9,4,26.30%,40.00%,20.00%,30.00%,20.00%,0.00%,N/A,22.40%,8.20%,30.60%,1.80%,21.40%,68.60%,69.40%,55.60%,55.80%,71.90%,53.00%,64.70%,29.80%,10.40%,60.60%,58.80%,44.70%,0.00%,28
England,Hospital,2013,RRV03,578,66,11.40%,54.50%,61.90%,4.90%,63.90%,31.10%,6.10%,27.30%,59.10%,7.60%,0.00%,1.12,0.68,0.52,0.86,0,6.9,6.8,3.4,17.70%,31.00%,8.60%,27.60%,15.50%,3.10%,50.00%,21.00%,0.00%,21.00%,5.10%,10.00%,71.50%,36.60%,33.40%,70.00%,74.40%,33.80%,79.00%,45.40%,0.00%,61.40%,61.30%,55.90%,3.10%,35
England,Hospital,2013,RKB01,844,147,17.40%,76.20%,84.10%,10.60%,65.20%,24.10%,9.10%,26.60%,44.80%,17.50%,2.10%,0.03,0.29,0.01,0.01,0,6.7,6.2,4.1,29.60%,42.70%,30.80%,19.70%,25.60%,9.20%,0.00%,22.90%,1.50%,24.40%,8.90%,18.90%,70.90%,62.30%,57.00%,70.90%,74.40%,41.90%,88.40%,20.20%,19.60%,51.00%,82.30%,62.80%,3.50%,98
England,Hospital,2013,REM21,655,104,15.90%,98.10%,89.00%,6.90%,74.50%,18.60%,7.70%,27.90%,51.90%,11.50%,1.00%,2.04,2.46,0.36,1.2,0,6.7,6.1,3.8,37.60%,32.20%,10.00%,24.40%,12.20%,5.00%,50.00%,15.00%,2.00%,17.00%,7.40%,20.20%,85.50%,67.60%,70.30%,92.00%,91.80%,60.20%,89.80%,15.60%,23.70%,66.40%,91.60%,74.70%,1.90%,71
England,Hospital,2013,RXPCP,351,63,17.90%,98.40%,100.00%,12.70%,68.30%,19.00%,3.20%,41.90%,38.70%,16.10%,0.00%,2.82,1.11,0.51,0.48,0.03,6.8,6.5,5.2,39.30%,21.70%,10.90%,17.40%,13.00%,9.50%,100.00%,7.90%,7.90%,15.90%,7.10%,15.00%,87.10%,77.70%,81.70%,77.20%,97.50%,55.70%,90.60%,9.20%,30.40%,61.60%,83.20%,67.40%,0.00%,35
England,Hospital,2013,RVWAA,180,25,13.90%,100.00%,92.00%,4.00%,76.00%,20.00%,8.00%,48.00%,24.00%,20.00%,0.00%,4.5,1.36,1.92,1.12,0,7,6.9,3.8,45.80%,25.00%,18.80%,12.50%,12.50%,4.00%,0.00%,16.70%,8.30%,25.00%,15.40%,26.10%,95.80%,92.30%,92.30%,100.00%,95.00%,63.50%,100.00%,30.20%,34.10%,71.10%,90.10%,80.60%,0.00%,17
England,Site,2013,RJE,856,167,19.50%,95.20%,83.10%,11.70%,63.00%,25.30%,5.00%,40.40%,36.00%,17.40%,1.20%,0.84,0.36,0.12,0.2,0,6.5,6.3,4.1,39.60%,37.60%,19.20%,24.00%,23.20%,12.90%,81.00%,36.50%,7.50%,44.00%,13.90%,22.60%,89.10%,80.00%,58.70%,76.80%,89.60%,53.70%,86.90%,20.00%,14.10%,58.00%,86.00%,71.70%,7.90%,123
England,Hospital,2013,RVWAE,349,54,15.50%,98.10%,94.30%,7.70%,38.50%,53.80%,11.10%,42.60%,25.90%,18.50%,1.90%,1.85,0.54,0.2,0.09,0,6.9,6.2,3.5,20.40%,17.10%,7.30%,12.20%,9.80%,9.30%,60.00%,21.70%,0.00%,21.70%,17.30%,40.40%,100.00%,100.00%,100.00%,100.00%,100.00%,49.10%,100.00%,0.00%,24.30%,50.40%,67.40%,100.00%,0.00%,4
England,Site,2013,RA7,501,100,20.00%,87.00%,60.20%,6.10%,69.40%,24.50%,7.00%,39.00%,31.00%,18.00%,5.00%,2.48,0.95,0,0,0,6.8,6.7,4.7,29.60%,52.90%,37.10%,22.90%,24.30%,11.30%,15.40%,5.30%,3.20%,8.40%,12.80%,19.60%,93.00%,56.00%,47.90%,70.40%,90.00%,37.70%,84.20%,24.70%,22.10%,55.80%,72.50%,54.50%,1.00%,77
England,Hospital,2013,RBK02,444,86,19.40%,81.40%,84.30%,8.10%,66.30%,25.60%,4.70%,32.60%,39.50%,23.30%,0.00%,0.85,0.45,0.3,0.14,0,6.5,6,4.4,26.70%,32.80%,22.40%,15.50%,17.20%,4.70%,25.00%,17.90%,2.40%,20.20%,7.70%,20.30%,88.40%,50.20%,50.90%,48.60%,76.40%,32.30%,65.00%,20.40%,15.90%,35.20%,58.60%,42.20%,1.20%,72
England,Hospital,2013,RTFED,287,34,11.80%,100.00%,86.20%,2.90%,85.30%,11.80%,12.10%,24.20%,39.40%,21.20%,3.00%,3.66,0.38,0.74,0.63,0,7,7,5,28.10%,60.00%,40.00%,53.30%,53.30%,2.90%,100.00%,90.90%,9.10%,100.00%,17.40%,19.20%,100.00%,62.40%,65.30%,74.40%,66.50%,48.50%,70.90%,0.00%,0.00%,50.80%,74.40%,74.40%,5.90%,5
England,Hospital,2013,RWWWH,432,98,22.70%,96.90%,93.70%,6.10%,64.30%,29.60%,6.20%,35.10%,41.20%,17.50%,0.00%,1.8,0.32,0.13,0.2,0,6.7,6.5,4.8,33.00%,34.80%,31.80%,7.60%,22.70%,10.20%,60.00%,28.40%,6.30%,34.70%,12.90%,24.40%,92.20%,76.20%,64.50%,88.10%,98.00%,61.90%,93.50%,28.20%,23.40%,57.90%,87.90%,77.90%,2.10%,46
England,Hospital,2013,RJC02,309,52,16.80%,88.50%,94.20%,5.90%,78.40%,15.70%,4.00%,38.00%,46.00%,12.00%,0.00%,1.93,0.77,0.29,0.07,0,6.8,6.2,3.3,23.50%,45.20%,33.30%,19.00%,23.80%,3.90%,50.00%,50.00%,0.00%,50.00%,17.40%,13.30%,86.80%,82.90%,65.00%,87.60%,85.00%,33.00%,82.20%,30.40%,15.00%,48.20%,84.50%,53.10%,0.00%,25
England,Hospital,2013,RNLBX,144,36,25.00%,97.20%,91.20%,11.10%,77.80%,11.10%,8.60%,17.10%,40.00%,34.30%,0.00%,2.08,0.56,1.32,0,0,7,7,5.2,11.10%,47.60%,23.80%,33.30%,28.60%,5.60%,0.00%,5.60%,0.00%,5.60%,9.40%,18.80%,92.00%,70.40%,46.80%,65.60%,69.90%,50.60%,100.00%,11.90%,16.00%,62.30%,80.20%,70.20%,0.00%,22
England,Site,2013,RWG,567,87,15.30%,89.70%,86.00%,6.90%,75.90%,17.20%,2.30%,32.20%,46.00%,18.40%,1.10%,2.12,0.84,0.2,0.13,0,6.8,6.6,4,27.90%,45.70%,30.00%,25.70%,22.90%,11.50%,60.00%,62.10%,10.30%,72.40%,8.30%,21.70%,93.40%,72.00%,70.90%,87.60%,92.50%,53.90%,92.60%,24.40%,19.50%,54.60%,84.10%,79.10%,3.40%,58
England,Hospital,2013,RFW01,350,40,11.40%,70.00%,94.90%,7.70%,82.10%,10.30%,7.50%,32.50%,57.50%,2.50%,0.00%,1.33,1.4,0.73,0.1,0,6.7,6.7,4.2,28.20%,41.70%,33.30%,19.40%,19.40%,5.30%,0.00%,20.60%,0.00%,20.60%,0.00%,17.60%,61.30%,56.20%,31.90%,79.90%,75.30%,40.00%,82.00%,32.00%,5.10%,42.20%,100.00%,70.90%,2.60%,18
England,Hospital,2013,RGR01,396,63,15.90%,93.70%,95.00%,3.30%,73.80%,23.00%,6.60%,36.10%,29.50%,27.90%,0.00%,0.07,0.86,0.22,0.4,0,6.8,6.3,5,50.80%,23.70%,13.20%,15.80%,18.40%,6.60%,100.00%,100.00%,0.00%,100.00%,18.00%,29.50%,92.10%,89.80%,83.00%,86.00%,100.00%,45.30%,92.90%,16.60%,18.40%,63.40%,95.40%,71.50%,0.00%,30
England,Hospital,2013,RA301,207,32,15.50%,96.90%,90.60%,0.00%,68.80%,31.30%,6.30%,34.40%,34.40%,25.00%,0.00%,1.94,1.19,0.56,0.31,0,6.9,6.5,5.5,41.90%,35.00%,15.00%,25.00%,15.00%,12.50%,0.00%,41.90%,9.70%,51.60%,19.00%,31.80%,91.50%,88.10%,76.90%,100.00%,85.80%,71.60%,95.80%,32.60%,24.70%,65.60%,87.70%,83.50%,0.00%,29
England,Hospital,2013,R1HKH,472,100,21.20%,56.00%,88.70%,8.00%,67.00%,25.00%,5.10%,22.20%,60.60%,12.10%,0.00%,0.6,0.34,0.04,0.28,0,6.9,6.4,4.6,25.00%,24.10%,12.70%,12.70%,10.10%,5.10%,25.00%,33.00%,6.40%,39.40%,10.10%,25.00%,87.20%,68.50%,57.20%,77.20%,75.70%,36.90%,72.50%,9.40%,14.00%,47.40%,81.90%,69.00%,1.00%,55
England,Hospital,2013,RKEQ4,222,49,22.10%,61.20%,88.90%,10.60%,68.10%,21.30%,4.30%,23.90%,52.20%,17.40%,2.20%,2.18,0.78,0.61,1.12,0,6.9,6.9,4.8,23.40%,25.00%,7.50%,17.50%,5.00%,4.40%,100.00%,46.50%,7.00%,53.50%,4.80%,18.20%,68.50%,77.20%,59.60%,82.10%,84.60%,42.30%,86.20%,32.90%,26.60%,47.10%,89.60%,65.70%,0.00%,29
England,Hospital,2013,RVV01,336,35,10.40%,97.10%,92.90%,5.70%,91.40%,2.90%,11.80%,47.10%,17.60%,20.60%,2.90%,1.71,0.69,0.25,1.26,0,6.8,6.3,4.3,22.90%,42.90%,25.00%,28.60%,35.70%,2.90%,0.00%,0.00%,0.00%,0.00%,4.80%,7.70%,77.40%,77.10%,62.20%,63.80%,90.70%,29.10%,86.20%,30.40%,11.80%,51.90%,96.70%,55.80%,2.90%,22
England,Hospital,2013,RWP50,419,71,16.90%,95.80%,80.30%,8.60%,60.00%,31.40%,12.90%,45.70%,25.70%,14.30%,1.40%,1.37,0.69,0.61,0.2,0.14,6.9,6.8,4.9,39.10%,38.60%,21.10%,24.60%,31.60%,12.90%,100.00%,81.70%,8.50%,90.10%,4.30%,15.70%,90.90%,75.20%,68.40%,79.20%,94.80%,66.30%,92.90%,24.60%,22.90%,53.30%,83.20%,73.20%,1.40%,34
England,Hospital,2013,RYR18,429,61,14.20%,98.40%,87.90%,13.60%,62.70%,23.70%,9.80%,32.80%,26.20%,31.10%,0.00%,3.61,0.2,0.26,0.37,0,6.8,6.7,4,60.30%,40.50%,19.00%,26.20%,35.70%,8.20%,60.00%,25.00%,3.30%,28.30%,5.40%,8.20%,97.10%,76.90%,77.40%,90.10%,91.00%,34.20%,85.00%,13.80%,14.80%,58.20%,96.10%,65.40%,4.90%,31
England,Site,2013,RRF,409,60,14.70%,98.30%,83.10%,6.90%,70.70%,22.40%,12.10%,17.20%,43.10%,27.60%,0.00%,2.58,0.77,0.17,0.25,0,6.7,6.6,5.6,15.00%,21.10%,10.50%,13.20%,18.40%,10.20%,75.00%,11.90%,11.90%,23.70%,5.70%,7.50%,67.70%,92.20%,86.80%,87.90%,87.80%,94.40%,81.50%,28.30%,10.60%,36.30%,88.80%,100.00%,1.70%,18
England,Hospital,2013,RM202,832,116,13.90%,90.50%,75.70%,8.10%,55.90%,36.00%,4.40%,39.50%,25.40%,18.40%,12.30%,1.98,0.47,0.59,0.32,0.03,6.7,6.5,5,36.30%,26.30%,12.50%,16.30%,20.00%,7.00%,50.00%,15.00%,5.60%,20.60%,5.40%,13.30%,90.50%,74.50%,54.00%,79.50%,91.10%,48.80%,87.60%,21.30%,12.30%,63.90%,88.20%,78.40%,1.70%,95
England,Hospital,2013,RA430,287,37,12.90%,97.30%,97.20%,10.80%,64.90%,24.30%,2.70%,18.90%,48.60%,29.70%,0.00%,1.68,0.76,0.43,0.2,0,6.2,6,3.4,38.90%,40.90%,36.40%,18.20%,22.70%,8.10%,66.70%,27.00%,5.40%,32.40%,10.00%,21.20%,100.00%,100.00%,93.80%,66.90%,100.00%,57.00%,100.00%,11.80%,21.70%,81.00%,95.70%,84.40%,2.70%,20
England,Hospital,2013,RCB55,474,103,21.70%,93.20%,87.90%,3.00%,69.70%,27.30%,9.20%,28.60%,38.80%,22.40%,1.00%,1.39,0.34,0.36,0.44,0,6.7,6.2,3.5,26.50%,36.50%,31.10%,9.50%,14.90%,15.20%,60.00%,14.10%,1.00%,15.20%,8.20%,16.50%,81.90%,80.30%,73.90%,74.80%,87.50%,52.30%,95.80%,29.10%,21.20%,60.90%,90.60%,77.20%,2.10%,65
England,Hospital,2013,RTXBU,N/A,26,N/A,100.00%,92.30%,15.40%,69.20%,15.40%,3.80%,30.80%,46.20%,19.20%,0.00%,N/A,N/A,N/A,N/A,N/A,7,6.7,4,66.70%,60.00%,40.00%,46.70%,40.00%,12.00%,75.00%,26.10%,4.30%,30.40%,5.00%,13.00%,100.00%,100.00%,76.80%,100.00%,100.00%,65.30%,100.00%,49.30%,13.80%,86.20%,84.20%,74.70%,3.80%,7
England,Hospital,2013,RK5BC,N/A,49,N/A,100.00%,100.00%,16.30%,77.60%,6.10%,4.10%,36.70%,53.10%,6.10%,0.00%,N/A,N/A,N/A,N/A,N/A,6.6,6.6,3.6,29.80%,54.30%,17.40%,52.20%,19.60%,18.40%,88.90%,60.40%,0.00%,60.40%,16.70%,25.00%,78.20%,78.90%,78.20%,92.10%,72.90%,45.10%,89.90%,20.10%,21.60%,54.10%,79.40%,61.20%,6.10%,16
England,Hospital,2013,R1HM0,N/A,17,N/A,58.80%,50.00%,5.90%,76.50%,17.60%,5.90%,35.30%,52.90%,5.90%,0.00%,N/A,N/A,N/A,N/A,N/A,6.9,6.9,3.8,17.60%,21.40%,14.30%,7.10%,7.10%,5.90%,0.00%,23.50%,0.00%,23.50%,0.00%,25.00%,100.00%,58.20%,33.90%,85.40%,78.50%,58.40%,66.10%,57.20%,26.50%,56.90%,78.50%,58.00%,17.60%,11
Wales,Hospital,2013,7A2AJ,116,17,14.70%,94.10%,76.50%,6.30%,81.30%,12.50%,11.80%,5.90%,52.90%,29.40%,0.00%,2.35,0.74,2,1.88,0,6.7,6.6,4,31.30%,27.30%,18.20%,9.10%,9.10%,6.30%,0.00%,6.30%,12.50%,18.80%,0.00%,27.30%,67.60%,58.80%,54.20%,66.50%,47.20%,28.20%,74.50%,37.30%,24.80%,63.20%,68.10%,36.00%,5.90%,13
Wales,Hospital,2013,7A2AG,299,35,11.70%,100.00%,88.60%,2.90%,42.90%,54.30%,2.90%,25.70%,54.30%,17.10%,0.00%,2.57,0.71,0.26,0.43,0,6.7,6.7,4.4,60.00%,24.10%,17.20%,17.20%,13.80%,2.90%,100.00%,14.70%,0.00%,14.70%,12.90%,17.60%,76.50%,73.00%,64.90%,78.30%,88.70%,64.00%,87.40%,16.80%,14.30%,73.00%,92.50%,66.80%,5.90%,18
Wales,Hospital,2013,7A3C7,720,83,11.50%,94.00%,81.50%,19.50%,63.40%,17.10%,10.80%,27.70%,48.20%,13.30%,0.00%,1.2,0.46,0.27,0.45,0,6.6,5.8,3.9,30.90%,41.90%,30.60%,22.60%,22.60%,15.70%,75.00%,18.90%,1.40%,20.30%,19.20%,31.30%,78.50%,48.70%,35.30%,60.80%,85.70%,27.60%,74.40%,11.80%,23.20%,37.90%,77.50%,60.40%,8.60%,56
Wales,Hospital,2013,7A6AM,313,61,19.50%,100.00%,92.70%,8.20%,63.90%,27.90%,3.30%,46.70%,31.70%,16.70%,1.70%,0.75,0.7,0.41,0.61,0,6.4,5.9,4,56.70%,28.90%,18.40%,15.80%,15.80%,8.60%,100.00%,32.10%,14.30%,46.40%,8.70%,10.20%,89.60%,70.20%,69.90%,66.00%,91.70%,51.20%,86.30%,13.20%,21.20%,52.40%,73.20%,71.40%,0.00%,36
Wales,Hospital,2013,7A5B3,317,71,22.40%,90.10%,95.30%,15.90%,61.90%,22.20%,3.10%,37.50%,42.20%,15.60%,1.60%,2.23,1.13,0.53,0.68,0.53,6.6,5.8,3.9,87.50%,24.10%,14.80%,11.10%,14.80%,14.10%,63.60%,39.10%,28.10%,67.20%,8.20%,19.70%,96.80%,86.00%,75.40%,71.60%,89.70%,71.20%,94.30%,12.60%,10.20%,42.30%,74.50%,90.50%,1.60%,48
Wales,Hospital,2013,7A2AL,130,27,20.80%,96.30%,70.40%,7.40%,85.20%,7.40%,7.40%,25.90%,55.60%,11.10%,0.00%,2.96,0.59,0.43,0.74,0,6,5.9,3.6,44.00%,30.40%,0.00%,30.40%,8.70%,7.40%,0.00%,3.70%,0.00%,3.70%,15.00%,26.10%,81.30%,42.40%,72.30%,71.00%,88.60%,33.60%,80.60%,43.90%,30.70%,46.90%,84.50%,63.90%,0.00%,23
Wales,Hospital,2013,7A3B7,336,71,21.10%,100.00%,91.40%,4.20%,71.80%,23.90%,1.40%,26.80%,43.70%,28.20%,0.00%,1.95,0.32,0.07,0.42,0,6.7,6,3.9,18.30%,40.40%,28.80%,21.20%,23.10%,7.40%,20.00%,7.40%,0.00%,7.40%,14.10%,18.80%,70.20%,51.00%,45.40%,70.70%,83.50%,45.60%,86.80%,20.00%,24.30%,49.50%,85.50%,75.20%,0.00%,43
Wales,Hospital,2013,7A5B1,326,77,23.60%,100.00%,89.30%,6.50%,64.90%,28.60%,9.10%,29.90%,44.20%,16.90%,0.00%,2.63,0.32,0.77,0.68,0.01,6.7,5.9,3.5,39.00%,32.20%,20.30%,22.00%,15.30%,7.80%,40.00%,13.50%,10.80%,24.30%,11.00%,12.20%,93.00%,79.90%,74.70%,81.70%,84.00%,49.60%,82.80%,24.60%,26.20%,54.10%,77.10%,67.40%,5.20%,35
Wales,Hospital,2013,7A6AR,553,103,18.60%,84.50%,91.80%,8.20%,74.20%,17.50%,7.10%,42.90%,33.70%,16.30%,0.00%,1.35,0.41,0.73,0.5,0.49,6.8,6.7,4.1,29.50%,28.80%,21.90%,13.70%,20.50%,7.50%,62.50%,16.70%,6.70%,23.30%,9.60%,20.50%,88.20%,71.60%,67.90%,78.20%,73.80%,38.90%,90.00%,23.80%,22.70%,60.70%,83.20%,72.60%,2.00%,68
Wales,Hospital,2013,7A3C4,231,44,19.00%,100.00%,82.90%,4.70%,76.70%,18.60%,4.50%,38.60%,34.10%,20.50%,2.30%,3.64,0.36,0.18,0.18,0,6.6,6.2,3.8,48.80%,29.40%,17.60%,20.60%,23.50%,9.30%,0.00%,19.50%,0.00%,19.50%,5.00%,14.30%,85.40%,46.50%,38.50%,46.50%,74.00%,30.30%,66.20%,12.70%,17.90%,36.70%,55.80%,82.20%,0.00%,41
Wales,Hospital,2013,7A4C1,264,47,17.80%,95.70%,91.30%,21.30%,78.70%,0.00%,8.50%,25.50%,44.70%,19.10%,2.10%,0.43,2.55,0.13,0.21,0,6.7,6.3,5.1,34.00%,28.20%,20.50%,12.80%,12.80%,10.90%,50.00%,11.10%,0.00%,11.10%,7.30%,14.00%,93.50%,57.90%,53.00%,54.70%,88.20%,40.00%,82.30%,14.20%,19.80%,32.30%,66.70%,68.00%,2.20%,36
Wales,Hospital,2013,7A4BV,695,118,17.00%,94.10%,76.10%,12.20%,60.90%,27.00%,5.20%,41.70%,32.20%,20.90%,0.00%,0.76,0.31,0.19,0.36,0,6.9,6.4,4,13.80%,54.70%,33.70%,40.70%,30.20%,15.00%,64.70%,5.40%,0.90%,6.30%,10.90%,26.70%,86.20%,65.70%,68.30%,88.00%,81.70%,49.90%,90.10%,12.70%,27.80%,78.30%,92.80%,73.50%,8.60%,36
Wales,Hospital,2013,7A2BL,203,37,18.20%,94.60%,97.20%,2.80%,69.40%,27.80%,5.60%,30.60%,27.80%,36.10%,0.00%,0.84,0.16,0.81,0.41,0,6.7,6.9,4.9,25.00%,31.30%,12.50%,25.00%,18.80%,0.00%,N/A,0.00%,0.00%,0.00%,5.70%,16.70%,89.80%,64.90%,69.40%,83.70%,63.90%,44.50%,90.60%,19.50%,15.10%,50.70%,78.50%,71.40%,2.70%,29
Wales,Hospital,2013,7A1A4,342,72,21.10%,98.60%,88.40%,2.90%,68.60%,28.60%,8.60%,27.10%,52.90%,11.40%,0.00%,1.61,0.73,0.51,0,0,6.8,6.7,4.3,24.30%,47.10%,31.40%,21.60%,27.50%,8.60%,50.00%,13.20%,0.00%,13.20%,5.50%,8.60%,75.80%,67.70%,47.40%,78.80%,89.60%,30.80%,91.00%,33.20%,12.70%,48.50%,62.80%,37.20%,5.70%,30
Wales,Hospital,2013,7A1A1,360,58,16.10%,98.30%,94.60%,10.30%,69.00%,20.70%,10.50%,28.10%,47.40%,14.00%,0.00%,1.45,0.98,0.31,1.61,0.14,6.7,6.1,3.2,47.40%,45.80%,31.30%,29.20%,25.00%,15.80%,66.70%,49.00%,10.20%,59.20%,16.70%,35.20%,75.10%,85.70%,77.00%,63.40%,72.20%,23.90%,90.30%,26.60%,37.00%,74.80%,85.60%,56.90%,3.40%,26
Wales,Hospital,2013,7A6BF,165,32,19.40%,96.90%,54.80%,3.10%,75.00%,21.90%,0.00%,30.00%,43.30%,26.70%,0.00%,0.81,0.44,0.25,0.22,0,5.4,5.1,2.7,43.30%,15.00%,0.00%,15.00%,5.00%,3.10%,0.00%,53.80%,3.80%,57.70%,4.80%,22.70%,92.40%,79.70%,70.90%,85.80%,89.30%,29.60%,70.00%,14.00%,17.50%,60.90%,62.50%,42.40%,0.00%,19
